fname,label,Acoustic_guitar,Bass_drum,Cello,Clarinet,Double_bass,Flute,Hi-hat,Saxophone,Snare_drum,Violin_or_fiddle,y_pred
5388d14d.wav,Saxophone,0.0001969513250514865,0.012141488492488861,0.011552412062883377,0.0006315835635177791,0.0005612349486909807,0.0034969933331012726,0.0003410817007534206,0.9688904285430908,0.0005444002454169095,0.0016435375437140465,Saxophone
c685f05f.wav,Saxophone,0.0025980710051953793,0.005757537670433521,0.006175949238240719,0.004113633651286364,0.00027952814707532525,0.0012728112051263452,0.0004297700652386993,0.9748246073722839,0.00012123204214731231,0.004426837433129549,Saxophone
36d20ab5.wav,Saxophone,0.0009023575112223625,0.00019298936240375042,0.0016908386023715138,0.000710047606844455,0.001946512726135552,0.001713888137601316,0.0005073822685517371,0.9921071529388428,0.00015522325702477247,7.366797217400745e-05,Saxophone
d6665734.wav,Saxophone,0.013036825694143772,0.00015993838314898312,0.024188900366425514,0.0005276951706036925,0.0018969428492709994,0.02121211774647236,1.6232945199590176e-05,0.9316666126251221,0.001701457193121314,0.00559332687407732,Saxophone
7352e28f.wav,Saxophone,2.7117350327898748e-05,3.818665827992618e-09,5.972278449917212e-05,0.0030722194351255894,4.0741528550825024e-07,0.06389777362346649,4.087945537634141e-09,0.9325359463691711,4.505711125382672e-13,0.0004067176196258515,Saxophone
8fa096bf.wav,Saxophone,0.0006978823221288621,0.0001225201558554545,0.0010779401054605842,0.0023853005841374397,0.00014030687452759594,0.0011320649646222591,0.0016948073171079159,0.992371678352356,7.955609362397809e-06,0.0003695545601658523,Saxophone
2f9c5f62.wav,Saxophone,1.245163002749905e-05,2.0927107269308465e-10,5.5595442063349765e-06,0.03310481086373329,1.2701562809525058e-05,0.0006641781073994935,9.652197929810313e-10,0.9382576942443848,0.01980533078312874,0.008137216791510582,Saxophone
9cd05a2b.wav,Saxophone,2.4408293484157184e-06,4.42834107161616e-07,0.0002713283756747842,0.0003682170936372131,1.4212834003046737e-06,0.018344884738326073,6.055825906514656e-06,0.9804336428642273,5.4581476433668286e-05,0.000516982632689178,Saxophone
ab465bf9.wav,Saxophone,1.2469241482904181e-05,7.825568526520499e-10,2.740814579738071e-07,4.787304351339117e-05,2.394408738837228e-06,0.009718725457787514,3.683388882791405e-08,0.9901201725006104,1.3010015287306942e-09,9.830164344748482e-05,Saxophone
c40632d7.wav,Saxophone,0.004215379245579243,0.0001746609341353178,0.03839142993092537,0.02866295538842678,0.0005417144857347012,0.011101684533059597,7.603544509038329e-05,0.9105568528175354,0.0023511084727942944,0.003928296267986298,Saxophone
3a80061f.wav,Saxophone,0.007682866416871548,0.0010198635281994939,0.018245086073875427,0.004918704275041819,0.0002334152814000845,0.011130014434456825,5.648756632581353e-05,0.947683572769165,0.0023792474530637264,0.006650879047811031,Saxophone
dba6817d.wav,Saxophone,0.0054045552387833595,0.0009215888567268848,0.020289462059736252,8.859152148943394e-05,0.0025578478816896677,0.006065272726118565,3.327205195091665e-05,0.9639045596122742,0.0001387042284477502,0.0005961913848295808,Saxophone
25f26095.wav,Saxophone,0.0012859608978033066,0.010758550837635994,0.005488166585564613,0.00107523612678051,0.0008479121024720371,0.018235569819808006,0.0037940857000648975,0.9478694200515747,0.001557901268824935,0.009087162092328072,Saxophone
37cebbd4.wav,Saxophone,5.684863936039619e-06,8.355378888769138e-11,3.970939360442571e-06,8.180860504580778e-07,2.8319897538153782e-08,0.0007272034417837858,3.4372587265352195e-07,0.9989451169967651,3.0820763186056865e-07,0.0003164188819937408,Saxophone
f8d96888.wav,Saxophone,0.03648322820663452,0.0004019475309178233,0.048415668308734894,0.01528201438486576,0.0011866873828694224,0.018416574224829674,8.193706889869645e-05,0.8703699111938477,0.007094750180840492,0.0022670894395560026,Saxophone
d94c94f0.wav,Saxophone,0.00015224765229504555,9.945435886038467e-05,0.0032449685968458652,0.0024920909199863672,0.0002991187502630055,0.0001697543921181932,6.281493551796302e-05,0.993055522441864,1.9164586774422787e-05,0.00040491289109922945,Saxophone
ec6afeb6.wav,Saxophone,0.0002401296515017748,9.952986879113723e-09,0.0007729214266873896,1.666133539401926e-05,0.00033581143361516297,0.008023674599826336,4.6538178821720066e-07,0.990575909614563,6.312833278343533e-08,3.4500004403525963e-05,Saxophone
5f0dc8e4.wav,Saxophone,6.634801684413105e-05,1.0491646613985939e-12,2.475568862791988e-06,0.001293994951993227,1.92222023542854e-06,0.00077819888247177,5.4972225882465864e-08,0.9962571859359741,8.932185551202565e-07,0.0015989318490028381,Saxophone
b8c0a88a.wav,Saxophone,0.0002164910256396979,3.074613346143451e-07,0.0041799889877438545,0.0005489689065143466,3.675905190902995e-06,0.037039805203676224,3.908729922841303e-05,0.9579561352729797,3.194837972841924e-06,1.2254926332389005e-05,Saxophone
96dad435.wav,Saxophone,0.010701940394937992,3.892981226272241e-07,6.120396574260667e-05,0.010986157692968845,0.0016632911283522844,0.018754862248897552,7.994839506864082e-06,0.9487686157226562,1.3785532246401999e-05,0.00904170610010624,Saxophone
b120dc90.wav,Saxophone,7.953136810101569e-05,0.00025757355615496635,0.0003473556716926396,0.0005962370778433979,0.0013919001212343574,0.00021507318888325244,0.00011345169332344085,0.9823015332221985,7.191668373707216e-06,0.014689926989376545,Saxophone
c1948f24.wav,Saxophone,4.6511956952599576e-07,1.6882982123433976e-08,4.9311543989460915e-05,0.00030717666959390044,2.6327927571401233e-07,0.03811706602573395,8.755976068641758e-07,0.9613896608352661,9.496172737044617e-10,0.0001350937964161858,Saxophone
ac097834.wav,Saxophone,0.0002908704336732626,1.0024410585174337e-05,0.02662605419754982,0.023531094193458557,2.484931428625714e-05,0.054945237934589386,1.9399469238123856e-05,0.8941876888275146,7.713455852353945e-05,0.00028754310915246606,Saxophone
4345851e.wav,Saxophone,0.0251432117074728,0.0007452699937857687,0.013723393902182579,0.0025884737260639668,0.00038587371818721294,0.02804904244840145,0.00010137704521184787,0.9133009910583496,0.014642144553363323,0.001320245093666017,Saxophone
5d4f8187.wav,Saxophone,6.872361700516194e-05,0.00017045986896846443,0.0024451802019029856,0.0009011178044602275,0.0002344370586797595,0.000776733155362308,8.27995827421546e-05,0.9951960444450378,1.067326775228139e-05,0.00011384001118130982,Saxophone
b83049f4.wav,Saxophone,0.0005529011832550168,0.00011247058864682913,0.002468569902703166,0.0011284148786216974,0.0005178414285182953,0.00394491758197546,9.690759179648012e-05,0.99109947681427,8.42253848531982e-06,7.000295590842143e-05,Saxophone
c1c3c8b9.wav,Saxophone,0.014446860179305077,4.792168510903139e-06,3.200573701178655e-05,0.0007019775221124291,0.026858747005462646,0.012087180279195309,8.025504598663247e-07,0.920388400554657,8.297898546061333e-08,0.02547919750213623,Saxophone
78a86075.wav,Saxophone,0.016830774024128914,9.309908637078479e-05,0.04257633164525032,0.0011163211893290281,0.0003736747894436121,0.0025056193117052317,1.3713194675801788e-05,0.9350540637969971,6.885678430990083e-06,0.001429376658052206,Saxophone
f0d315bc.wav,Saxophone,0.003920308779925108,3.1724009659228614e-06,0.01844397559762001,0.01810377836227417,1.565701859362889e-05,0.007924417033791542,1.6693553334334865e-05,0.9361682534217834,6.057180871721357e-05,0.015343240462243557,Saxophone
9c0838c1.wav,Saxophone,0.0036841777618974447,0.0033720817882567644,0.02772701531648636,0.002897764090448618,0.0014951284974813461,0.03698928654193878,0.00014355826715473086,0.9129300713539124,0.005386057309806347,0.00537458760663867,Saxophone
d6144e01.wav,Violin_or_fiddle,4.6256481978090846e-10,7.290815801716988e-20,3.7824496139371444e-13,4.721125712592311e-09,9.006758826170941e-14,8.381613458841031e-11,4.715160484281e-10,2.7943519720352583e-10,3.332570764486009e-13,1.0,Violin_or_fiddle
cfb9c5fd.wav,Violin_or_fiddle,0.0059334952384233475,0.007691118400543928,0.05817275494337082,0.0018829545006155968,0.004977896809577942,0.017025232315063477,0.00029188470216467977,0.0016649981262162328,0.011555258184671402,0.8908045291900635,Violin_or_fiddle
c6865306.wav,Violin_or_fiddle,0.021391550078988075,5.3667892643716186e-05,0.05216103792190552,0.015862729400396347,0.004582252819091082,0.038649022579193115,0.004971901420503855,0.01278576161712408,0.004634840879589319,0.8449076414108276,Violin_or_fiddle
642aba58.wav,Violin_or_fiddle,0.0002821488888002932,3.161755444125447e-07,0.0003287862055003643,1.3274951015773695e-05,0.00027801893884316087,0.0007905045640654862,1.2714848196537787e-07,0.0002794337342493236,1.6311520084855147e-05,0.9980111122131348,Violin_or_fiddle
848faca3.wav,Violin_or_fiddle,0.00010734737588791177,0.00014389102580025792,0.005443355068564415,0.00038578713429160416,0.0003844593302346766,0.01136709749698639,2.138277341146022e-05,0.0004781859752256423,7.251458009704947e-05,0.9815958738327026,Violin_or_fiddle
7eb9dac0.wav,Violin_or_fiddle,0.008430097252130508,0.012801514938473701,0.028114039450883865,0.006012962199747562,0.001391514204442501,0.02057899534702301,0.002415739232674241,0.0018649083795025945,0.009267942048609257,0.9091222882270813,Violin_or_fiddle
8d7d7dba.wav,Violin_or_fiddle,0.003692594589665532,0.0005883408593945205,0.05381007865071297,0.011441843584179878,0.0015304581029340625,0.011583946645259857,0.0015028860652819276,0.017312174662947655,0.003800189821049571,0.8947374224662781,Violin_or_fiddle
2424ad60.wav,Violin_or_fiddle,0.0008721952908672392,0.003601954085752368,0.014848228543996811,0.0005560068530030549,0.001535132178105414,0.004058822989463806,0.00041651653009466827,0.023375235497951508,0.001977474195882678,0.9487584829330444,Violin_or_fiddle
ba648ac1.wav,Violin_or_fiddle,0.0010659974068403244,0.00018206019012723118,0.01664549857378006,0.0003220779763069004,0.0005704340292140841,0.003672639839351177,6.644817040069029e-05,0.0005618910654447973,0.003363710595294833,0.9735491275787354,Violin_or_fiddle
2e4a9850.wav,Violin_or_fiddle,0.0005519898259080946,1.4738095188704392e-09,0.00042628328083083034,0.0008528759935870767,5.50668642629315e-11,2.334082091692835e-05,3.7946435327285144e-07,8.196803537430242e-05,2.153279439198741e-07,0.9980630278587341,Violin_or_fiddle
2cc8683d.wav,Violin_or_fiddle,0.004345452878624201,0.002131477929651737,0.03083161450922489,0.0010545586701482534,0.0026233762037009,0.005494991317391396,0.00019824896298814565,0.0016679607797414064,0.00040818058187142015,0.9512441754341125,Violin_or_fiddle
7b6a119e.wav,Violin_or_fiddle,5.228266175549834e-08,2.4120332398069877e-09,6.849456985946745e-05,0.0061121187172830105,1.1703072232194245e-05,0.002351728267967701,0.00015492305101361126,0.0001086542324628681,0.0001282087032450363,0.9910641312599182,Violin_or_fiddle
68589f79.wav,Violin_or_fiddle,0.002845939714461565,0.03294073045253754,0.023189708590507507,0.00035176091478206217,0.005071636289358139,0.0011230275267735124,5.6691820645937696e-05,0.00016369878721889108,0.0032347035594284534,0.9310221076011658,Violin_or_fiddle
fec00143.wav,Violin_or_fiddle,1.5999150491552427e-05,1.3824104598825215e-06,0.002612856449559331,0.0005683486815541983,1.0973630196531303e-05,0.0011527801398187876,2.5341360014863312e-06,0.0007710164645686746,6.393710236807237e-07,0.9948635101318359,Violin_or_fiddle
1b24c166.wav,Violin_or_fiddle,0.010772975161671638,0.028825979679822922,0.1060866191983223,0.0072464547120034695,0.01411669421941042,0.017798319458961487,0.0007830257527530193,0.016146250069141388,0.0017703664489090443,0.7964532971382141,Violin_or_fiddle
6eb59008.wav,Violin_or_fiddle,2.140521064575296e-05,3.3547149769219686e-07,0.0003381606366019696,0.0002613755932543427,1.051359959092224e-05,0.0004247873439453542,1.4029213843969046e-06,0.0015607867389917374,1.4238474250305444e-05,0.9973669648170471,Violin_or_fiddle
0e7cd4eb.wav,Violin_or_fiddle,0.01093809399753809,0.005797042045742273,0.0574958510696888,0.0042260210029780865,0.010437632910907269,0.0021611812990158796,1.94982931134291e-05,0.001777603873051703,0.01104701403528452,0.8960999846458435,Violin_or_fiddle
56e79c6f.wav,Violin_or_fiddle,0.0001750924566294998,1.0723733012696357e-08,0.007586196064949036,0.0021859549451619387,3.650880273653456e-07,0.020995285362005234,0.005854405928403139,0.03249701112508774,6.86348494127742e-06,0.9306989312171936,Violin_or_fiddle
cdc5fe8e.wav,Violin_or_fiddle,0.0052182734943926334,4.6247509999375325e-06,0.0006868740892969072,0.00035485386615619063,0.0009801477426663041,0.056522198021411896,1.9386068288440583e-06,0.0001031503124977462,0.0005826177657581866,0.9355453252792358,Violin_or_fiddle
b38409bb.wav,Violin_or_fiddle,9.525639654839324e-08,2.880635598559813e-15,2.418989595298626e-07,5.235054686636431e-06,4.0863037953364767e-10,6.468422361649573e-05,1.7696383736165444e-07,9.75222974375356e-07,1.3328270709322965e-09,0.9999285936355591,Violin_or_fiddle
c8c117dc.wav,Violin_or_fiddle,0.015450677834451199,0.0016916610766202211,0.11733797937631607,0.0005233897245489061,0.0013900846242904663,0.004124914295971394,6.061990643502213e-05,0.0029980638064444065,0.0442114993929863,0.8122110962867737,Violin_or_fiddle
b73c3595.wav,Violin_or_fiddle,3.177245275765017e-07,3.938463325001834e-14,1.5599007383571006e-06,5.265939307719236e-06,2.168045742934055e-09,8.947895366873126e-06,1.2125479997848743e-07,1.8992383843396965e-07,8.695663922253516e-08,0.9999834895133972,Violin_or_fiddle
d84c8c43.wav,Violin_or_fiddle,0.0009919599397107959,0.006918076425790787,0.0453931987285614,0.0022946856915950775,0.007445963099598885,0.004451276734471321,0.00038314989069476724,0.005974052008241415,0.0030725267715752125,0.9230751395225525,Violin_or_fiddle
d914225a.wav,Violin_or_fiddle,0.04259505122900009,6.152409332571551e-05,0.05262709781527519,0.001059158006682992,0.04194134101271629,0.001472176518291235,0.00033723903470672667,0.026371359825134277,0.00020732873235829175,0.8333277702331543,Violin_or_fiddle
1148986e.wav,Violin_or_fiddle,0.026309849694371223,0.0003983996866736561,0.007535191252827644,1.5739988157292828e-05,0.0006030221120454371,0.00654523866251111,4.189462643466868e-08,0.01213024277240038,3.5453664168016985e-05,0.9464267492294312,Violin_or_fiddle
e3f479f3.wav,Violin_or_fiddle,0.0005316358874551952,3.199621642124839e-05,0.007993949577212334,0.007128491997718811,2.684203900571447e-05,0.010900141671299934,0.0022472820710390806,0.009243812412023544,0.002044191351160407,0.9598516821861267,Violin_or_fiddle
aab28420.wav,Violin_or_fiddle,0.0005795051110908389,0.008112074807286263,0.03587881103157997,0.000925920030567795,0.0035464351531118155,0.0038288512732833624,0.0009878943674266338,0.005928486119955778,0.0014398489147424698,0.9387722015380859,Violin_or_fiddle
21346775.wav,Violin_or_fiddle,0.01205358561128378,0.003984365146607161,0.07199276238679886,0.0016350328223779798,0.0028574189636856318,0.010666192509233952,0.00010552130697760731,0.007240711245685816,0.018396519124507904,0.8710679411888123,Violin_or_fiddle
cdeece57.wav,Violin_or_fiddle,0.01527405809611082,0.00614575669169426,0.00493968790397048,0.0012228619307279587,0.0013249146286398172,0.027822623029351234,8.642403554404154e-05,0.0029837347101420164,3.458385617705062e-05,0.9401655197143555,Violin_or_fiddle
c9fb642d.wav,Violin_or_fiddle,0.055641282349824905,0.0018483921885490417,0.013749493286013603,0.0006148075335659087,0.0005253529525361955,0.027410075068473816,2.0898629372823052e-05,0.000730464409571141,0.0005908392486162484,0.8988684415817261,Violin_or_fiddle
078f7ac0.wav,Hi-hat,1.72581067658939e-07,1.227668276282748e-13,1.3441574520101085e-09,6.496266280464624e-08,1.57662705113637e-09,3.737772931344807e-05,0.9999414086341858,1.0184530552237447e-08,2.6050742008010275e-07,2.066448359983042e-05,Hi-hat
e897db78.wav,Hi-hat,2.973703748521128e-12,9.226435418143025e-18,1.1281866452606416e-14,1.272969840648841e-09,2.211282199016118e-11,9.868142969438054e-10,1.0,9.620972909411135e-14,2.814548594187727e-09,2.1924144791296563e-11,Hi-hat
b31ed1fb.wav,Hi-hat,0.0025823169853538275,1.6911071654135412e-08,6.626007234444842e-05,2.7992511419938637e-08,6.82245948624427e-09,9.307907748734578e-05,0.995639443397522,1.0474636837898288e-06,9.461360605200753e-05,0.001523331506177783,Hi-hat
06c48eab.wav,Hi-hat,0.001699840766377747,6.724253034917638e-05,0.0020066744182258844,0.003983671776950359,0.00017110833141487092,0.015169424936175346,0.9194984436035156,0.008854311890900135,0.00507390545681119,0.0434754304587841,Hi-hat
2503aaa1.wav,Hi-hat,5.431101346431433e-09,3.4991866175448916e-14,9.20176001367734e-12,8.202877097573946e-07,2.979453794793585e-09,4.991403784515569e-06,0.999993622303009,7.969653381678654e-09,1.7290588516516436e-07,3.123043370578671e-07,Hi-hat
3d3439f1.wav,Hi-hat,1.1630889393959842e-12,1.1656449280314036e-18,2.9087429046067894e-15,3.069271226063819e-10,4.141808424007465e-12,6.890498172040793e-10,1.0,2.4238711759288004e-14,2.7488525233820837e-08,1.1797918544886876e-11,Hi-hat
34a90030.wav,Hi-hat,8.148787634248977e-13,4.3613288436140183e-20,1.7280562678907317e-15,1.5983900869542822e-09,5.066411266213544e-12,1.4038203932642546e-09,1.0,4.314394707379682e-13,2.530351761453886e-10,4.269997203043552e-11,Hi-hat
da4b0379.wav,Hi-hat,1.904642123314062e-16,6.517874245878501e-23,9.204286830061305e-20,5.971374505975291e-10,1.8804779239843528e-13,6.593528891277178e-13,1.0,1.674708332927643e-15,4.9677151281457554e-11,2.0294557050506978e-14,Hi-hat
a090c45a.wav,Hi-hat,2.0797417607520963e-11,8.100136369923472e-18,5.896719123984318e-18,5.8971583172251485e-09,1.543311138607617e-11,1.4380806545588598e-09,0.9999997615814209,1.531892668271695e-12,2.5715820584082394e-07,1.2043104014036743e-10,Hi-hat
41897c32.wav,Hi-hat,1.189339848828297e-09,3.9230108605934266e-16,4.917124853446274e-14,1.1483082744234707e-05,4.316277890659137e-11,3.4042136576317716e-07,0.9999877214431763,4.733183800453844e-08,3.605575784604298e-07,5.4612623756611356e-08,Hi-hat
2032be87.wav,Hi-hat,4.14470367748887e-11,3.7011636672846647e-16,3.7674558432806635e-14,9.952968866855372e-07,1.1995002213716077e-10,2.008394858421525e-06,0.999997079372406,5.911168776684406e-11,8.000385076645244e-11,9.715701333734561e-12,Hi-hat
73677128.wav,Hi-hat,3.4688162173397707e-13,3.394778702226948e-19,5.290712048849189e-17,2.8534168805549598e-08,4.8905302550694696e-12,2.93518154226291e-10,1.0,1.768955424849561e-12,3.289001362927202e-11,1.5970975930645892e-10,Hi-hat
c53a217e.wav,Hi-hat,4.730612790382338e-09,7.411642579406759e-16,1.6526977269365473e-12,6.658073061771574e-07,2.1322041354743249e-10,8.264286321946201e-08,0.9999992847442627,1.0624869040132268e-11,3.3281781774974206e-09,7.093725606921453e-10,Hi-hat
f0dfe343.wav,Hi-hat,3.7884226458118064e-06,1.0856983714835344e-12,1.0751385843832395e-06,9.092690334000508e-07,9.304903514362195e-09,3.0598468583775684e-05,0.9999571442604065,5.1136757974745706e-06,8.42050096316882e-10,1.3655189832206815e-06,Hi-hat
0ed06544.wav,Hi-hat,5.391743718163866e-10,3.694292271318742e-15,2.5160214623537458e-12,7.047378147717609e-08,1.425516909375757e-11,9.387716204400931e-07,0.9999991059303284,2.641211138687538e-10,3.889494504250024e-09,6.577087319215025e-09,Hi-hat
99c96a07.wav,Hi-hat,1.4468078916252125e-05,1.4586465368893187e-08,1.678919261394185e-07,2.200112163563972e-07,1.2114592209400143e-06,5.114100076752948e-06,0.9994809031486511,2.8289095510558582e-08,0.0004978618235327303,1.9026083819539963e-08,Hi-hat
3a3d0279.wav,Hi-hat,1.2791862014083222e-10,4.405744267830962e-18,6.2877902652646884e-18,2.657636599678881e-08,4.101651743942947e-12,4.218772831077189e-10,0.9999998211860657,5.988518708699431e-11,1.0334108679899145e-07,5.009380132925401e-10,Hi-hat
612702c3.wav,Hi-hat,2.898139861429172e-08,1.1043584180470134e-07,5.70918416542554e-07,0.0001766089553711936,0.00011498886306071654,0.00031361423316411674,0.9993847608566284,3.6626722703658743e-06,4.737206182880982e-09,5.76468573854072e-06,Hi-hat
d6854eb4.wav,Hi-hat,0.001203817781060934,0.007404610048979521,0.02025711163878441,0.004766291007399559,0.0009951416868716478,0.004340901039540768,0.9286031723022461,0.025690298527479172,0.0002347802510485053,0.0065037342719733715,Hi-hat
52300f9b.wav,Hi-hat,9.935260614213348e-09,8.875727930401922e-11,9.960168245726209e-10,1.941092705237679e-06,2.6086398818847556e-08,4.3220742895755393e-07,0.9999938607215881,1.489394918507969e-07,2.0104794202779885e-06,1.6952611758824787e-06,Hi-hat
09a1cfd7.wav,Hi-hat,1.1583871882547836e-11,2.2622706833011583e-16,2.5445041259691e-15,4.411729150888277e-06,1.7991565182118308e-10,2.0217763019303447e-09,0.9999955296516418,8.439433596407753e-10,2.4368981499378606e-08,5.713868933554522e-09,Hi-hat
3aafb6ad.wav,Hi-hat,2.984724574162101e-07,4.545836151947924e-09,9.381151855336611e-09,0.00019588202121667564,2.0142268297718147e-08,0.00010024472430814058,0.9995428323745728,3.062215682803071e-06,6.471008236985654e-05,9.302677062805742e-05,Hi-hat
493c247b.wav,Hi-hat,8.679176266568334e-10,2.000026446541403e-12,1.3229671524950248e-10,0.0003333085624035448,3.818896630036761e-07,3.3920819078048225e-06,0.9996604919433594,1.1466933074189e-06,2.0473503070661536e-07,1.133236764871981e-06,Hi-hat
5ec7ad26.wav,Hi-hat,4.497530958769147e-10,5.481358995304076e-15,1.2638927404662326e-10,3.612153989251965e-07,1.506798597006309e-08,2.565437625889899e-06,0.9999959468841553,4.854351920435818e-10,3.462377549112716e-07,8.714584964764072e-07,Hi-hat
a1b369d7.wav,Hi-hat,3.883890171280102e-12,7.730340313997965e-18,5.164171282229807e-17,2.297489842817413e-08,5.091308017540763e-12,4.437508138721569e-09,1.0,5.1928440714110735e-11,7.837600790594479e-09,9.311250381838221e-11,Hi-hat
8cd809d3.wav,Hi-hat,3.137906645633848e-08,4.239934980887483e-08,1.9873127143910096e-07,0.003159057116135955,1.607225499355991e-07,2.260617748106597e-06,0.9647846817970276,0.03196040168404579,1.1752872524084523e-05,8.172878733603284e-05,Hi-hat
aed9d22f.wav,Hi-hat,1.4637195135946968e-06,6.961272920949502e-13,4.436742244706693e-07,1.794523418752192e-09,4.417560206526616e-10,4.9342164857080206e-05,0.9998095035552979,8.877780288685244e-08,3.596722564225274e-08,0.00013910510460846126,Hi-hat
a7964699.wav,Hi-hat,1.6394990609569504e-07,5.263491864582193e-09,8.591187761197716e-10,0.00023477278591599315,8.879029067543343e-09,8.358998456969857e-06,0.9974046945571899,0.0006678932113572955,0.001613064669072628,7.112675666576251e-05,Hi-hat
da3f8050.wav,Hi-hat,1.354160076516564e-06,2.4361450357002212e-11,3.321432018310588e-08,0.0030696538742631674,8.026522664295044e-06,7.825239299563691e-05,0.9968397617340088,2.6797590635396773e-07,4.7578282647009473e-07,2.188068037867197e-06,Hi-hat
468f9c4c.wav,Hi-hat,0.00041073167813010514,0.0006549422978423536,0.0547466017305851,4.824478310183622e-07,0.00015247771807480603,0.0005994191742502153,0.9307365417480469,0.0035193737130612135,1.8574478133359662e-07,0.009179230779409409,Hi-hat
229be2be.wav,Snare_drum,0.001688589109107852,1.2378481187624857e-05,0.00032099566305987537,2.1820531515004404e-07,1.3184200042815064e-06,0.00025056482991203666,0.0008712827111594379,1.8488767636881676e-06,0.996852457523346,3.611129386626999e-07,Snare_drum
b6cbc6a9.wav,Snare_drum,2.488250902388245e-05,5.573073025288977e-08,6.383388750919039e-08,2.838820289952082e-09,1.6970938543359182e-10,4.4588719902094454e-05,0.0002770834253169596,7.915928108559456e-07,0.9996525049209595,7.101620269622799e-08,Snare_drum
ae7d1c37.wav,Snare_drum,0.0007546275737695396,0.00034966369275934994,0.003155373502522707,0.0008372521842829883,5.2548526582540944e-05,1.8622955394675955e-05,3.5084494811599143e-06,0.014654389582574368,0.9799076318740845,0.00026655435794964433,Snare_drum
82d4fb44.wav,Snare_drum,2.738684088399168e-06,5.3715513814722726e-08,3.114838875717396e-08,3.164110182751756e-07,1.5063372771351169e-09,0.00033055178937502205,0.02806549333035946,8.081021951511502e-05,0.971345067024231,0.0001750072551658377,Snare_drum
4c590f69.wav,Snare_drum,9.509885421721265e-05,8.349234121851623e-05,0.0015702014788985252,4.096892007510178e-05,2.694515023904387e-05,0.01422311831265688,2.2160793378134258e-05,0.00011072382039856166,0.981059730052948,0.002767539117485285,Snare_drum
1c9a423f.wav,Snare_drum,1.3925096027378459e-06,2.8261015055930372e-11,0.022970806807279587,0.00022017411538399756,1.6559158666495932e-07,0.11809758841991425,2.4278762111862306e-07,2.8864658816019073e-05,0.855426013469696,0.0032547160517424345,Snare_drum
f0727eac.wav,Snare_drum,8.176936535164714e-05,4.135011977268732e-07,8.716905881556158e-07,3.184585040116872e-09,7.46543799001742e-12,0.0009066897910088301,5.083258656668477e-05,1.6081456806205097e-06,0.9989321827888489,2.5597830244805664e-05,Snare_drum
31db8c5e.wav,Snare_drum,0.0006852003280073404,0.00012388463073875755,0.02838589809834957,3.570289845811203e-05,0.000511355057824403,0.0002459162787999958,1.349596004729392e-06,0.00022083829389885068,0.9520599842071533,0.017729878425598145,Snare_drum
b86b5a96.wav,Snare_drum,0.00014581508003175259,0.0001680856803432107,1.1292599992884789e-05,1.9369984727291012e-08,4.334883030310266e-08,0.00021042994922026992,1.484553467889782e-05,1.032733780448325e-05,0.9994367361068726,2.4453945570712676e-06,Snare_drum
6fca680b.wav,Snare_drum,0.0005372868617996573,1.079324101738166e-05,0.0003149801923427731,0.0003351936466060579,0.002900507068261504,6.338052480714396e-05,1.5698652759965626e-06,0.0015287543646991253,0.9940788745880127,0.00022873468697071075,Snare_drum
1bc8eae1.wav,Snare_drum,0.008286731317639351,0.0006478390423581004,0.000668518478050828,1.2899726016257773e-06,8.271462661468831e-07,0.012184912338852882,2.9415239168884e-06,2.2202964828466065e-05,0.9779332876205444,0.0002514955122023821,Snare_drum
46b52f97.wav,Snare_drum,6.230362714632065e-07,2.4789859054408225e-09,6.713344760100881e-07,7.526791989675985e-08,3.92255283809817e-10,0.00015214680752251297,0.0010927929542958736,1.4854324945190456e-05,0.9987156987190247,2.3179005438578315e-05,Snare_drum
0c67f402.wav,Snare_drum,8.452580914308783e-06,2.783122363325674e-05,1.4100248790782643e-07,1.2801059767753031e-07,6.599869806223069e-08,1.8056749695460894e-06,1.226431686518481e-05,2.743986806308385e-05,0.9999086856842041,1.335526758339256e-05,Snare_drum
c8ecbbfd.wav,Snare_drum,1.1973294931522105e-05,5.3912403927824926e-06,1.681467801972758e-05,9.504492481937632e-05,0.00021280493820086122,9.745138959260657e-05,4.7749264098229105e-08,5.696003881894285e-06,0.9992902278900146,0.0002646217180881649,Snare_drum
9f84ea5a.wav,Snare_drum,0.002559840679168701,1.0992174281909683e-07,0.0523018017411232,0.001139678293839097,0.030432986095547676,5.2004470489919186e-05,1.743856725688886e-10,3.846526669804007e-05,0.9123086929321289,0.0011664447374641895,Snare_drum
e4958adc.wav,Snare_drum,8.451032044831663e-06,8.307433176923951e-07,1.672676717134891e-06,9.956467010852066e-07,6.948334796419431e-09,1.0043182783192606e-06,1.0632211910888145e-07,1.757307245497941e-06,0.9999832510948181,2.0166316971881315e-06,Snare_drum
5ce40b1b.wav,Snare_drum,0.001847894862294197,0.0012080599553883076,0.0028125883545726538,2.820717782014981e-06,1.1778460248024203e-05,0.0016426948131993413,6.647713917118381e-07,7.777164137223735e-05,0.9917631149291992,0.000632472918368876,Snare_drum
9d308738.wav,Snare_drum,0.0016457635210826993,0.001253249472938478,0.002504613483324647,1.9982924186479067e-06,2.117032408932573e-06,0.007162798196077347,0.0008185728220269084,0.0030077416449785233,0.9835994839668274,3.552729140210431e-06,Snare_drum
1e3391d5.wav,Snare_drum,0.00024303844838868827,5.034626610722626e-06,3.095846295764204e-06,0.01937486045062542,1.486474047851516e-05,1.1376557267794851e-05,2.788990229873889e-07,0.0009821142302826047,0.9767159223556519,0.0026494606863707304,Snare_drum
ff3f21e7.wav,Snare_drum,2.8046313673257828e-05,3.644921207524021e-06,3.041568845674192e-07,5.832306442243862e-07,2.7389987167225627e-07,1.1232835277041886e-05,7.947723133838736e-06,2.2138528947834857e-05,0.9998713135719299,5.474041245179251e-05,Snare_drum
b68f10af.wav,Snare_drum,0.006837145425379276,0.004313609562814236,0.0024116206914186478,3.878917050315067e-05,0.0008251432445831597,0.02051708474755287,0.00023094078642316163,0.0007534382166340947,0.9638437032699585,0.00022822563187219203,Snare_drum
e8e00924.wav,Snare_drum,0.00023364661319646984,0.0015706609701737761,0.00021351194300223142,4.3691821360880567e-07,1.2073626010078442e-07,0.0014165203319862485,1.7104690641644993e-06,0.0004962455132044852,0.996032178401947,3.487724461592734e-05,Snare_drum
22e1c02c.wav,Snare_drum,0.00011325816012686118,0.0003854606475215405,0.0002272019482916221,6.390489488694584e-07,1.3410422070592176e-05,0.002554950537160039,3.888131629992131e-07,0.0001476892939535901,0.9960445761680603,0.0005124494200572371,Snare_drum
5c33d972.wav,Snare_drum,0.011764580383896828,0.026080947369337082,0.09839894622564316,0.005045190453529358,0.012145288288593292,0.007825751788914204,0.00034758407855406404,0.0007435135776177049,0.8144241571426392,0.02322406694293022,Snare_drum
9320c55f.wav,Snare_drum,0.04011597856879234,0.008626394905149937,0.03436092287302017,2.323076842003502e-05,4.367872315924615e-05,0.01220714207738638,5.355133907869458e-05,0.0010121120139956474,0.8616172671318054,0.04193973168730736,Snare_drum
f1754aea.wav,Snare_drum,0.012473370879888535,0.0028922120109200478,0.000112672227260191,7.0700175456295256e-06,9.318802040070295e-05,0.012699996121227741,0.00016422693443018943,6.12166550126858e-05,0.9714791178703308,1.704033275018446e-05,Snare_drum
b218444c.wav,Snare_drum,0.010632920078933239,0.00032941735116764903,0.0015117164002731442,0.0011733215069398284,0.0008622611640021205,8.677418372826651e-05,3.860189735860331e-06,0.026413684710860252,0.9514324069023132,0.0075536551885306835,Snare_drum
36d06cc0.wav,Snare_drum,2.0130141820118297e-06,3.786788965953747e-06,1.1346029893388732e-08,3.94472351672448e-07,7.886507447096847e-09,9.89445751997664e-08,3.3353944672853686e-07,0.0001800931931938976,0.9997956156730652,1.766696550475899e-05,Snare_drum
4c4d4797.wav,Snare_drum,0.00030157261062413454,6.267913249757839e-06,0.000103149184724316,0.016477949917316437,6.183369987411425e-05,0.00025537333567626774,1.0162984835915267e-06,0.0026244146283715963,0.93572598695755,0.044442418962717056,Snare_drum
cae0d841.wav,Snare_drum,3.2246714187778025e-09,9.639306713937756e-11,2.3176107788458467e-06,3.099377181570162e-06,5.472893249702793e-10,0.0002608929353300482,0.00044789750245399773,1.933610656124074e-05,0.9987326264381409,0.0005337441107258201,Snare_drum
17f82c05.wav,Acoustic_guitar,0.4743827283382416,0.02237854152917862,0.2198786735534668,0.0010045393137261271,0.22442498803138733,0.0009463869500905275,4.3632029701257125e-05,0.0007437869207933545,0.009978938847780228,0.04621770977973938,Acoustic_guitar
0eeaebcb.wav,Acoustic_guitar,0.9869194030761719,9.78260413830867e-06,0.008475007489323616,1.580520074639935e-05,0.0010783059988170862,0.0031473804265260696,3.8296311686281115e-06,0.0002139979333151132,9.443129783903714e-06,0.00012732572213280946,Acoustic_guitar
e92bf0fa.wav,Acoustic_guitar,0.9620373845100403,5.412944759086713e-08,0.00439123110845685,0.00018473014642950147,0.0004966992419213057,0.0035627782344818115,2.97786664305022e-06,0.017838627099990845,1.539891968604934e-06,0.011483908630907536,Acoustic_guitar
10da16fb.wav,Acoustic_guitar,0.9612879157066345,3.64018468701488e-08,0.017268570140004158,0.0006482458557002246,5.8758749219123274e-05,0.0009530801908113062,6.275897135310515e-08,0.0002661286271177232,0.0001615688088349998,0.01935560628771782,Acoustic_guitar
a25423a8.wav,Acoustic_guitar,0.9207850694656372,0.00020644767209887505,0.015633588656783104,0.007368841208517551,0.042454030364751816,0.0009982051560655236,3.530309550114907e-05,0.0045070163905620575,5.515306838788092e-05,0.00795644149184227,Acoustic_guitar
16c9a838.wav,Acoustic_guitar,0.9536961913108826,0.00012052644888171926,0.002285553375259042,0.0001586983271408826,0.00011235962301725522,0.0022866656072437763,1.1449277792507928e-07,2.5217334496119292e-06,4.496509973250795e-06,0.04133286327123642,Acoustic_guitar
70ca9c77.wav,Acoustic_guitar,0.7700710296630859,0.0003742223489098251,0.07600973546504974,0.007803330663591623,0.14209166169166565,0.0016283615259453654,5.675120746673201e-07,1.2772647096426226e-05,0.0019333910895511508,7.495392492273822e-05,Acoustic_guitar
38216fad.wav,Acoustic_guitar,0.9342495799064636,0.0030671339482069016,0.01905970089137554,0.0005726619274355471,0.009829554706811905,0.004536486696451902,5.491187403094955e-05,0.006205284968018532,0.0008386951521970332,0.021585972979664803,Acoustic_guitar
d8a257e5.wav,Acoustic_guitar,0.8866333365440369,0.011962511576712132,0.03481670096516609,0.018073255196213722,0.011195076629519463,0.003103463212028146,0.00025590398581698537,0.0028041573241353035,0.020371535792946815,0.010784069076180458,Acoustic_guitar
7506dcc4.wav,Acoustic_guitar,0.916483461856842,1.6677527980846207e-07,1.1853285286633763e-06,0.07576841861009598,0.0010806050850078464,6.511504761874676e-05,1.593698861768189e-08,0.005374484229832888,0.0004264350573066622,0.0008002525428310037,Acoustic_guitar
a6728901.wav,Acoustic_guitar,0.9982765913009644,4.969510913888087e-12,0.0003125763905700296,2.913108687607746e-07,1.1629617802100256e-06,1.3235194273875095e-05,8.546724439284503e-10,1.1101501229404676e-07,5.219246042298398e-12,0.0013959604548290372,Acoustic_guitar
b88322f6.wav,Acoustic_guitar,0.9752662181854248,0.021244985982775688,0.001395756029523909,8.55676262290217e-06,0.0013017246965318918,0.00026434852043166757,1.8030137383107103e-08,5.344581586541608e-05,0.0001657033571973443,0.00029906179406680167,Acoustic_guitar
35039ae1.wav,Acoustic_guitar,0.9822194576263428,0.0001754362165229395,0.0006260123336687684,3.855773300642795e-08,0.00035846090759150684,0.013267423026263714,9.735223102325108e-06,2.8379708965076134e-06,2.022766693698941e-06,0.0033385432325303555,Acoustic_guitar
236cbab1.wav,Acoustic_guitar,0.8162864446640015,0.0034909702371805906,0.09153871983289719,0.012882760725915432,0.03425588458776474,0.019235989078879356,6.558796303579584e-05,0.0020769555121660233,0.018437271937727928,0.0017295368015766144,Acoustic_guitar
0356dec7.wav,Acoustic_guitar,0.9275014996528625,0.00034228843287564814,0.017286939546465874,0.00011390736472094432,0.0017145329620689154,0.0011514824582263827,1.441237600374734e-05,0.020261108875274658,0.014954919926822186,0.016658809036016464,Acoustic_guitar
bb1f5874.wav,Acoustic_guitar,0.9612078070640564,2.851187900887453e-06,0.024436743929982185,0.0014407045673578978,0.004674637224525213,0.003250567940995097,6.212514563230798e-06,0.0010680726263672113,0.00013930746354162693,0.0037731851916760206,Acoustic_guitar
34747922.wav,Acoustic_guitar,0.9641498327255249,1.6967698357461813e-08,0.00624491972848773,8.636928396299481e-05,0.00041488412534818053,0.026362372562289238,1.4092604942561593e-05,0.00039790774462744594,5.3545729315374047e-05,0.002276057843118906,Acoustic_guitar
44fb3eeb.wav,Acoustic_guitar,0.9310861825942993,0.00012295485066715628,0.005111963953822851,2.016862345044501e-05,3.099288369412534e-05,0.024882039055228233,5.890735224056698e-07,0.0017414314206689596,5.195099947741255e-05,0.03695166856050491,Acoustic_guitar
367ad7b1.wav,Acoustic_guitar,0.9107785820960999,1.5661231373087503e-05,0.009162151254713535,0.0018177101155743003,0.05951573699712753,0.008316163904964924,2.936299642897211e-05,0.0018285454716533422,0.001869751955382526,0.006666525732725859,Acoustic_guitar
160c92d7.wav,Acoustic_guitar,0.9474113583564758,1.5634505245998298e-08,0.0033889994956552982,0.00026701053138822317,9.978822163247969e-06,0.005073427222669125,4.062288283535054e-08,0.00013351005327422172,5.565463197854115e-06,0.04371015727519989,Acoustic_guitar
2016d256.wav,Acoustic_guitar,0.8906320333480835,2.3306123740976514e-13,1.6088126386648582e-08,0.10560794919729233,1.0565656793914968e-07,3.231964683436672e-06,5.134305203213785e-10,1.5177310160652269e-05,2.4104917883960297e-07,0.0037411220837384462,Acoustic_guitar
fc55d588.wav,Acoustic_guitar,0.8303393721580505,0.00030605480424128473,0.10704357177019119,0.02724391594529152,0.010271529667079449,0.009439150802791119,1.1221748081879923e-06,0.00519243348389864,0.00781039847061038,0.002352396957576275,Acoustic_guitar
c7846d27.wav,Acoustic_guitar,0.9854392409324646,1.709174028974303e-07,0.00017131550703197718,1.2757685908582062e-05,2.421525380214007e-08,0.013598128221929073,1.135711158894992e-06,1.2613688340934459e-05,4.5365507617134426e-07,0.0007641416741535068,Acoustic_guitar
55822aae.wav,Acoustic_guitar,0.9338715672492981,0.00013561383821070194,0.01979866251349449,0.00044963828986510634,0.0321250781416893,0.00987519696354866,1.0340966582589317e-05,3.2763979106675833e-05,0.0014541251584887505,0.0022468972019851208,Acoustic_guitar
9923ddf8.wav,Acoustic_guitar,0.9999596476554871,3.8317746009235324e-19,2.782193387078271e-14,2.3570235896386293e-07,2.4109519936033053e-11,3.348460175800483e-09,9.11698805339256e-09,3.2788989301479887e-09,1.194147862190742e-13,4.011765486211516e-05,Acoustic_guitar
32dee61b.wav,Acoustic_guitar,0.8288244009017944,0.07683788239955902,0.04318426549434662,0.0007417884189635515,0.038495805114507675,0.0003063858312088996,9.75738512352109e-05,0.007933657616376877,0.0004131933965254575,0.003164933994412422,Acoustic_guitar
fa4d4a92.wav,Acoustic_guitar,0.7771133780479431,6.9860861913184635e-06,0.02930576168000698,0.0007248371257446706,0.19179952144622803,6.542846676893532e-05,4.15219645333309e-08,0.0003619682393036783,0.0005589605425484478,6.3144056184683e-05,Acoustic_guitar
8da75280.wav,Acoustic_guitar,0.6446413397789001,0.0005330774583853781,0.06235237792134285,0.00556153291836381,0.2795029580593109,0.0020855464972555637,6.496063065242197e-07,0.0032719094306230545,0.0007919182535260916,0.0012587695382535458,Acoustic_guitar
b2261238.wav,Acoustic_guitar,0.929956316947937,6.215159373823553e-05,0.027895936742424965,0.0005306177190504968,0.00035118270898237824,0.01682855747640133,2.6819403501576744e-05,0.007140216883271933,0.004345245193690062,0.012862838804721832,Acoustic_guitar
673defaf.wav,Acoustic_guitar,0.9983912110328674,6.105166789893701e-07,1.9816277927020565e-05,9.681169103714637e-06,1.4645178125771707e-10,0.00011706267832778394,1.6353087630704977e-05,0.0008848739671520889,0.0005280559416860342,3.2308220397681e-05,Acoustic_guitar
e6597186.wav,Double_bass,0.33305421471595764,6.684370873699663e-06,0.07120050489902496,4.294349128031172e-05,0.5928400158882141,0.00011930118489544839,1.1375282937819975e-08,2.7827671146951616e-05,0.0008083874126896262,0.0019003056222572923,Double_bass
fcfafbc8.wav,Double_bass,0.0008071328047662973,0.0043172454461455345,0.007644295692443848,5.685634732799372e-06,0.9868670701980591,5.306515049596783e-07,7.78739156492847e-11,2.1830133789535466e-07,0.00035372114507481456,4.046896265208488e-06,Double_bass
444f9db5.wav,Double_bass,0.00033925980096682906,1.2700112392849405e-06,0.007717296481132507,0.00030884475563652813,0.9754273891448975,0.0015629029367119074,9.138761924987193e-06,0.00976746715605259,1.9174205590388738e-05,0.004847418516874313,Double_bass
19893aa8.wav,Double_bass,0.0014085995499044657,0.012118237093091011,0.031426530331373215,0.0026669087819755077,0.9186550974845886,0.017212113365530968,0.0001642624702071771,0.00021615723380818963,0.003269829321652651,0.01286226138472557,Double_bass
f042282c.wav,Double_bass,0.015088196843862534,0.0316830575466156,0.0746857300400734,0.00038448802661150694,0.8701235055923462,0.001847165753133595,3.5090375604340807e-05,0.00017126795137301087,0.0030230488628149033,0.0029584229923784733,Double_bass
95e1d0ae.wav,Double_bass,0.004060221370309591,0.02710825949907303,0.10402887314558029,0.0012607751414179802,0.8616301417350769,0.0006267841090448201,1.739632170938421e-05,2.6521996915107593e-05,0.0011822328669950366,5.876375871594064e-05,Double_bass
595c191d.wav,Double_bass,0.00234679295681417,0.0036892262287437916,0.0001665898598730564,8.094855002127588e-05,0.9915294647216797,5.624400364467874e-05,1.474909936405311e-07,0.0018922287272289395,2.3565036826767027e-05,0.00021487391495611519,Double_bass
8073923c.wav,Double_bass,0.1602289229631424,0.00023645457986276597,0.03716582432389259,0.0004364493361208588,0.7984601855278015,0.0011915448121726513,1.2386738035274902e-07,4.003429421572946e-05,0.0019427540246397257,0.00029773585265502334,Double_bass
6efbaf90.wav,Double_bass,0.0167752243578434,0.01432695984840393,0.054646097123622894,0.00015998055459931493,0.9123324155807495,0.00075977121014148,3.359345646458678e-05,2.4559583835070953e-05,0.0006820267881266773,0.00025932613061740994,Double_bass
642ad7e4.wav,Double_bass,0.018563421443104744,4.669607733376324e-05,0.04924626648426056,4.4679909478873014e-05,0.9287562370300293,2.0591140128090046e-05,2.6929660634777974e-07,0.00012091303506167606,0.00112151016946882,0.0020793587900698185,Double_bass
5eadbc6d.wav,Double_bass,0.01720842532813549,0.005152620375156403,0.03616519272327423,0.002183466451242566,0.9149399399757385,0.00823633186519146,0.0006902844761498272,0.004806104581803083,0.0015155106084421277,0.009102124720811844,Double_bass
1a7d3f2d.wav,Double_bass,0.10987130552530289,0.0013676662929356098,0.2164117842912674,0.0013428193051367998,0.6625118851661682,0.0002852255420293659,1.9304627585370326e-06,1.7043998013832606e-05,0.006492151413112879,0.0016982017550617456,Double_bass
13da16ae.wav,Double_bass,0.0009535614517517388,0.013790865428745747,0.0014691806863993406,0.00021252527949400246,0.9835010766983032,1.7350703274132684e-06,1.3617260492537753e-06,5.0558273869683035e-06,9.598981023373199e-07,6.363250577123836e-05,Double_bass
103f29e5.wav,Double_bass,0.001744521432556212,1.0199386451859027e-05,0.0008720090845599771,8.860076377459336e-06,0.9898654222488403,0.00012133424024796113,1.2317536324246703e-08,1.3748180208494887e-05,2.239831337647047e-05,0.007341391406953335,Double_bass
da8ea649.wav,Double_bass,0.000436591129982844,0.0039199297316372395,0.0011461727553978562,1.7057605873560533e-05,0.9944005608558655,2.696183400985319e-06,1.2784708403046352e-08,8.637114206067054e-07,9.213315934175625e-06,6.691004091408104e-05,Double_bass
ca348cbb.wav,Double_bass,0.01086515188217163,2.808243516483344e-05,0.019536660984158516,3.8617417885689065e-06,0.9695565104484558,3.2123866731126327e-06,8.454535682655973e-12,1.6620693088498228e-07,4.563707079796586e-06,1.83936208486557e-06,Double_bass
8ce2e863.wav,Double_bass,9.179315384244546e-05,0.008010363206267357,9.643356861488428e-06,1.5586736481054686e-05,0.99186772108078,2.765281578831491e-06,5.456594898145539e-11,5.171738592935071e-09,1.3719461833261448e-07,1.9877663817169378e-06,Double_bass
462b676f.wav,Double_bass,0.026657259091734886,0.022007737308740616,0.02080470137298107,0.0011695435969159007,0.8934353590011597,0.0007004510844126344,6.006639068800723e-06,0.003015696071088314,0.00013207249867264181,0.03207119181752205,Double_bass
b428466c.wav,Double_bass,0.004372275900095701,5.5255262850550935e-05,0.006009445060044527,3.0783355668972945e-06,0.9894537925720215,2.3093100480764406e-06,5.893211696417211e-09,4.1387497731193434e-06,7.719069799350109e-06,9.193133882945403e-05,Double_bass
4fd883bb.wav,Double_bass,0.11295472830533981,5.7250717873102985e-06,0.03245789557695389,0.0016589474398642778,0.8527037501335144,0.00012479380529839545,4.430105171593368e-09,2.3571217298012925e-06,3.747511436813511e-05,5.429826705949381e-05,Double_bass
2ac8b94f.wav,Double_bass,0.008583721704781055,0.039292268455028534,0.015705393627285957,1.15965781333216e-06,0.9173055291175842,0.017475979402661324,6.621299235121114e-06,0.0007407236262224615,2.9992034455972316e-07,0.0008883692789822817,Double_bass
c840804f.wav,Double_bass,0.009330094791948795,0.000609267910476774,0.005684519652277231,8.754052942094859e-06,0.9819713234901428,1.6577942005824298e-05,3.272714366175933e-08,2.046619783868664e-06,2.49151107709622e-05,0.0023525587748736143,Double_bass
f63f3703.wav,Double_bass,0.0008615169208496809,0.003655440639704466,0.017161598429083824,0.00017335556913167238,0.9755544662475586,0.00013772555394098163,5.777657406724757e-06,1.7032307368936017e-05,6.081162428017706e-05,0.002372004557400942,Double_bass
c0ddf010.wav,Double_bass,0.04272491857409477,0.01850743778049946,0.040590282529592514,0.00018730077135842294,0.8954856395721436,6.246015982469544e-05,6.146092346170917e-05,0.00011864322004839778,0.0001639081019675359,0.0020979021210223436,Double_bass
a0cbe92e.wav,Double_bass,0.0019363299943506718,0.05990375950932503,0.02980182319879532,0.004711855202913284,0.8826152086257935,0.018381569534540176,0.00089268694864586,3.5242122976342216e-05,0.00043736983207054436,0.0012842962751165032,Double_bass
4fb480bf.wav,Double_bass,0.005514455959200859,0.20123860239982605,0.08314042538404465,0.008698736317455769,0.6739518046379089,0.02370268478989601,0.0002200192102463916,3.2922442187555134e-05,0.0024326464626938105,0.0010677528334781528,Double_bass
9dd0141c.wav,Double_bass,0.0022572223097085953,0.00015625364903826267,0.004959794692695141,0.00020444460096769035,0.9885309338569641,0.000243585163843818,7.687161129865672e-09,4.376147626317106e-05,0.0033896060194820166,0.0002144195605069399,Double_bass
deb87700.wav,Double_bass,0.003368905046954751,0.018220355734229088,0.03859305381774902,0.005154949147254229,0.9255489110946655,0.007773613557219505,6.450836372096092e-05,2.373533061472699e-05,0.0007004658109508455,0.0005514559452421963,Double_bass
e0ecd1a6.wav,Double_bass,0.18075959384441376,3.451504426266183e-06,0.07470334321260452,0.006455996539443731,0.734941303730011,7.985164120327681e-05,1.5352928812717437e-06,0.0005550096975639462,0.0018765387358143926,0.0006233485764823854,Double_bass
0286fc27.wav,Double_bass,0.00507659837603569,0.01179623231291771,0.052811771631240845,0.0015736345667392015,0.9166949987411499,0.004878426901996136,0.00020683053298853338,0.0001558472285978496,0.0001640251139178872,0.006641733925789595,Double_bass
e2d993ec.wav,Cello,0.0776173546910286,0.004812935367226601,0.861482560634613,0.0005198702565394342,0.00889294221997261,0.012413207441568375,0.00012738941586576402,0.0014278534799814224,0.004511991981416941,0.028193796053528786,Cello
0091fc7f.wav,Cello,0.013989321887493134,0.0030217512976378202,0.7746593356132507,0.01170398574322462,0.1521882861852646,0.01512096542865038,0.00011776265455409884,0.002035757526755333,0.004197718575596809,0.022965148091316223,Cello
e55c5160.wav,Cello,0.020183632150292397,0.001319452770985663,0.8477707505226135,0.0033012572675943375,0.008386448957026005,0.06044653803110123,0.0003419361310079694,0.026483526453375816,0.008372175507247448,0.02339431270956993,Cello
a59b5a08.wav,Cello,0.005812861490994692,0.053969454020261765,0.8797268271446228,0.001791683491319418,0.043012648820877075,0.003559824777767062,8.715598960407078e-05,0.00012912260717712343,0.006577579770237207,0.0053330156952142715,Cello
88500b88.wav,Cello,0.006032609846442938,0.01055173110216856,0.8668870329856873,0.0005475366488099098,0.012915574014186859,0.04621453583240509,8.243071351898834e-05,0.05247987434267998,0.002145008882507682,0.0021436011884361506,Cello
743ae0f9.wav,Cello,0.010376812890172005,0.02771919034421444,0.7668675184249878,0.0032290788367390633,0.16819995641708374,0.013014525175094604,0.00019389229419175535,0.0016500347992405295,0.0032897936180233955,0.005459223408252001,Cello
9e3bc1b6.wav,Cello,0.00879905465990305,0.00039605682832188904,0.9428872466087341,0.0019320130813866854,0.03140559419989586,0.0012513670371845365,1.0117450983671006e-05,0.00792094599455595,0.0031166637782007456,0.0022809277288615704,Cello
3e2bddda.wav,Cello,0.01459582056850195,0.002076157135888934,0.8420507907867432,0.004957996774464846,0.0034536169841885567,0.011855787597596645,0.0007802534382790327,0.05537533387541771,0.0006864583119750023,0.0641678124666214,Cello
d328db67.wav,Cello,0.002005049493163824,0.00011858888319693506,0.9530774354934692,0.0005437196232378483,0.0015174008440226316,0.024035345762968063,0.00040231188177131116,0.0005747639224864542,0.0009372676722705364,0.016788199543952942,Cello
7d896090.wav,Cello,0.03539811074733734,0.0040315608493983746,0.8509089946746826,0.0022253855131566525,0.018544793128967285,0.010091236792504787,0.0001220741105498746,0.06496234983205795,0.00885860901325941,0.004857084713876247,Cello
4bff8f32.wav,Cello,0.0048545412719249725,0.006688978057354689,0.9147482514381409,0.0020424239337444305,0.06414724886417389,0.0006211318541318178,1.6024276874304633e-06,0.001464788569137454,0.005372412968426943,5.8684145187726244e-05,Cello
5e5bca7a.wav,Cello,0.00392432464286685,0.03130517527461052,0.9237629175186157,0.0023909620940685272,0.01795121282339096,0.006985887885093689,0.00030624473583884537,0.0018477595876902342,0.005493552889674902,0.006031995173543692,Cello
811bf309.wav,Cello,0.0058309645392000675,0.007881026715040207,0.9663310050964355,0.00029752214322797954,0.009637050330638885,0.0018129366217181087,4.7860412450972944e-05,0.0003479954320937395,0.002065107924863696,0.005748480558395386,Cello
5689818f.wav,Cello,0.030283261090517044,0.013902704231441021,0.9198079705238342,0.0003141072520520538,0.01086328737437725,0.01671585999429226,0.00020404437964316458,0.0010739164426922798,0.002042301930487156,0.004792367573827505,Cello
81d9f077.wav,Cello,0.008048165589571,0.014172688126564026,0.8938842415809631,0.0031198712531477213,0.07188885658979416,0.00422606710344553,7.42182828616933e-06,0.0038279532454907894,0.0007379419403150678,8.687531953910366e-05,Cello
00353774.wav,Cello,0.04387646168470383,2.0417752239154652e-05,0.9463217854499817,0.0012745012063533068,0.0036803593393415213,0.00207578856498003,2.143245546903927e-05,0.0010480128694325686,3.3374129998264834e-05,0.0016477648168802261,Cello
6a210ffa.wav,Cello,0.011181012727320194,0.005508217960596085,0.8968410491943359,0.000381988356821239,0.07625722885131836,0.0016767343040555716,4.172377157374285e-05,0.0002610089140944183,0.007009486202150583,0.0008414586191065609,Cello
e97d9707.wav,Cello,0.002566983923316002,0.0029159781988710165,0.9375722408294678,0.00024983336334116757,0.024443233385682106,0.018624605610966682,9.493936886428855e-06,0.009906829334795475,0.0030616619624197483,0.0006492681568488479,Cello
238b16a5.wav,Cello,0.035832736641168594,0.002491056453436613,0.7958131432533264,6.008028503856622e-05,0.15859343111515045,0.0028030727989971638,1.0662168925534843e-08,0.00010246173042105511,0.002246029209345579,0.0020579369738698006,Cello
dc5be9d7.wav,Cello,0.0128025496378541,0.009207421913743019,0.9301722645759583,0.0007855441072024405,0.03694441169500351,0.002198317088186741,5.646314548357623e-06,0.0006547714583575726,0.005528825800865889,0.001700416556559503,Cello
f9653de8.wav,Cello,0.005227042827755213,0.07935643196105957,0.7709470987319946,0.0012213147711008787,0.13884426653385162,0.0008569140918552876,3.613386070355773e-05,0.0003853474627248943,0.0008460682583972812,0.0022794227115809917,Cello
31dbc5c0.wav,Cello,0.03590895235538483,0.0027905325405299664,0.8128346800804138,0.001964363269507885,0.014375101774930954,0.09959809482097626,9.352937013318297e-06,0.0017060396494343877,0.0006348832393996418,0.030177997425198555,Cello
cbc8d551.wav,Cello,0.03696995601058006,0.028863130137324333,0.8298767805099487,0.002728394465520978,0.04498111829161644,0.028962023556232452,0.0005688541568815708,0.0026401940267533064,0.015181086026132107,0.009228488430380821,Cello
195f544d.wav,Cello,0.025855468586087227,0.009358998388051987,0.8203351497650146,0.016151607036590576,0.012623433955013752,0.056179530918598175,0.00016536300245206803,0.01915547251701355,0.009138939902186394,0.031035972759127617,Cello
22bea889.wav,Cello,0.01960556022822857,0.00292691751383245,0.8011875152587891,0.003664975520223379,0.1621917337179184,0.0010741138830780983,1.1603889106481802e-05,0.0008762121433392167,0.006691274233162403,0.00177011638879776,Cello
ab8e8ae3.wav,Cello,0.011283398605883121,0.0015233356971293688,0.9601090550422668,0.003010035492479801,0.007936151698231697,0.01302209123969078,0.00017287397349718958,0.0011700424365699291,0.0014896747888997197,0.000283338624285534,Cello
e70c41d4.wav,Cello,0.00020477079669944942,2.0962709186278516e-06,0.8192088007926941,0.001502558938227594,0.0001726325717754662,0.11611118912696838,9.399938676324382e-07,0.050468865782022476,0.0001041693176375702,0.012224015779793262,Cello
125e6ccf.wav,Cello,0.0021691962610930204,0.0004076940822415054,0.9711152911186218,0.0009615864255465567,0.0005190972005948424,0.0010592271573841572,1.8397136955172755e-05,0.00010206845036009327,0.002004551002755761,0.021643131971359253,Cello
2da9e12a.wav,Cello,0.0256817527115345,0.004717272240668535,0.8957754969596863,0.00044558540685102344,0.06015309318900108,0.0037653620820492506,0.00046906975330784917,0.001933162217028439,0.0025776519905775785,0.00448169419541955,Cello
34e4d187.wav,Cello,0.021582789719104767,0.031280890107154846,0.8134855628013611,0.0037082284688949585,0.1063225269317627,0.007008130196481943,0.0003471456584520638,0.004950851667672396,0.008216685615479946,0.0030971576925367117,Cello
52e54bdd.wav,Bass_drum,0.009516162797808647,0.5228953957557678,0.23198004066944122,0.011989728547632694,0.17092368006706238,0.033909231424331665,0.000462578609585762,0.0003162504290230572,0.012126827612519264,0.0058800526894629,Bass_drum
6d21ad67.wav,Bass_drum,2.251528530905489e-05,0.985987663269043,0.008158933371305466,0.00025533861480653286,0.005358048249036074,0.0001112581230700016,1.3379847132455325e-06,5.99375607635011e-06,8.781428914517164e-05,1.1165682735736482e-05,Bass_drum
ca3f3698.wav,Bass_drum,6.810641207266599e-05,0.9973961710929871,5.012476322008297e-05,1.5453731975867413e-05,0.0024470831267535686,5.401417979555845e-07,6.116169970482588e-08,1.4847896636638325e-06,7.571947548967728e-07,2.0252760805306025e-05,Bass_drum
aa9ae956.wav,Bass_drum,1.2791843801096547e-05,0.9927422404289246,0.004002037458121777,0.0008073084754869342,0.002034965669736266,0.0003341176197864115,6.192918135639047e-06,3.0090095606283285e-06,7.228768026834587e-06,5.006718492950313e-05,Bass_drum
0ddb4bdf.wav,Bass_drum,2.5872974219964817e-05,0.9779060482978821,0.0045856605283916,0.0021513772662729025,0.01478259451687336,0.0004632449126802385,2.4086406483547762e-05,1.1634974725893699e-06,3.743792694876902e-05,2.247492375317961e-05,Bass_drum
921eee9d.wav,Bass_drum,3.7296740629244596e-05,0.9970809817314148,0.00024403860152233392,0.0002990830107592046,0.0004375419521238655,1.364428385386418e-06,0.00039786531124264,0.0007288027554750443,4.170203465037048e-05,0.0007313145324587822,Bass_drum
c153f347.wav,Bass_drum,0.00018109011580236256,0.9617980718612671,0.00023223052266985178,7.977329369168729e-05,0.03766237199306488,1.5794184946571477e-06,2.0658315236232738e-07,1.0716535143728834e-06,8.377141966775525e-06,3.522704719216563e-05,Bass_drum
63e0ab2c.wav,Bass_drum,1.2131916264479514e-05,0.9870424270629883,0.006087987218052149,0.00026711798273026943,0.006461213808506727,2.4778017177595757e-05,3.979612756666029e-06,2.745718575170031e-06,1.284570407733554e-05,8.47590999910608e-05,Bass_drum
88780eac.wav,Bass_drum,0.008944714441895485,0.8489071130752563,0.029336027801036835,0.0006985851796343923,0.01859094947576523,0.038838498294353485,0.0011267230147495866,0.00039517509867437184,0.05168271064758301,0.0014794414164498448,Bass_drum
bea51ca5.wav,Bass_drum,0.0011027323780581355,0.9641865491867065,0.01666312664747238,5.7858247600961477e-05,0.007745807059109211,0.006625021807849407,5.599467272077163e-07,2.1072959498269483e-05,0.0010246591409668326,0.002572582568973303,Bass_drum
f26131d8.wav,Bass_drum,2.9398179322015494e-05,0.9982612729072571,7.500030187657103e-05,0.00013714937085751444,0.0002035140059888363,1.558711301186122e-05,2.1023137378506362e-05,0.0009016494150273502,0.00031773251248523593,3.773099524551071e-05,Bass_drum
ce75b5ce.wav,Bass_drum,2.0275070710340515e-05,0.9981747269630432,0.00011486250150483102,0.0001872794673545286,0.00011288516543572769,1.4581207778974203e-06,1.8376224034000188e-05,0.0010595087660476565,4.9941823817789555e-05,0.0002606890629976988,Bass_drum
565f3ee2.wav,Bass_drum,0.0006302000838331878,0.9119818210601807,0.010018658824265003,0.000382468308089301,0.010776517912745476,8.68674906087108e-05,9.730996680445969e-06,0.06463872641324997,1.800507902771642e-06,0.0014732055133208632,Bass_drum
ff11628d.wav,Bass_drum,2.044580105575733e-05,0.9839304089546204,0.005377349443733692,0.0029325527139008045,0.007132598664611578,0.0005000568926334381,2.1142706827959046e-05,1.796794435904303e-06,3.471696254564449e-05,4.891434946330264e-05,Bass_drum
cdfc8967.wav,Bass_drum,0.002588933566585183,0.6317139863967896,0.17417192459106445,0.009177269414067268,0.1130392774939537,0.034480981528759,0.000512775790411979,0.00023194786626845598,0.023937348276376724,0.010145534761250019,Bass_drum
f8a99b37.wav,Bass_drum,1.827117921493482e-05,0.9921590089797974,0.004050201736390591,0.0007555546471849084,0.0027890740893781185,0.00017958968237508088,7.656779416720383e-06,2.0972825041098986e-06,7.534467840741854e-06,3.097229637205601e-05,Bass_drum
809ea09e.wav,Bass_drum,1.5511885067098774e-05,0.9861798286437988,0.007092586252838373,0.0012632637517526746,0.004907069727778435,0.00041179530671797693,1.1585916581680067e-05,2.803952838803525e-06,7.987444405443966e-05,3.564668804756366e-05,Bass_drum
03fc1f96.wav,Bass_drum,0.1744507998228073,0.3229551315307617,0.055626995861530304,0.007961706258356571,0.39749330282211304,0.007340520620346069,0.004726366139948368,0.027464609593153,0.00020436837803572416,0.0017761827912181616,Double_bass
8b6a16de.wav,Bass_drum,0.0001559385855216533,0.9791633486747742,9.17634679353796e-05,2.4325865524588153e-05,0.020536618307232857,6.848501357126224e-07,7.36398746425948e-08,8.724601912035723e-07,2.932129973487463e-06,2.344063250347972e-05,Bass_drum
7dda9dc2.wav,Bass_drum,0.011753624305129051,0.6700171232223511,0.16349516808986664,0.003104766132310033,0.11680221557617188,0.017895903438329697,0.0002700735058169812,8.63754830788821e-05,0.01344355195760727,0.0031311730854213238,Bass_drum
3a9085ca.wav,Bass_drum,0.0008106834138743579,0.9838305711746216,0.007394480053335428,0.00022032631386537105,0.00013354494876693934,4.536006599664688e-05,2.8735206797136925e-05,0.0034624736290425062,0.0003117821761406958,0.003762017237022519,Bass_drum
4ba2b70e.wav,Bass_drum,5.075863373349421e-05,0.9970352649688721,0.00020536793454084545,0.00013514680904336274,2.241837682959158e-05,7.412235845549731e-06,6.252380899240961e-06,0.001976429484784603,0.00031996192410588264,0.00024104824115056545,Bass_drum
01c2f88b.wav,Bass_drum,0.00018293557513970882,0.890150785446167,0.026722652837634087,0.014351136982440948,0.03857002779841423,0.028289876878261566,0.00022096371685620397,7.981087946973275e-06,0.0009525245404802263,0.0005510500632226467,Bass_drum
ce3f3400.wav,Bass_drum,0.14779119193553925,0.6588166952133179,0.14072731137275696,0.001651266124099493,0.028742844238877296,0.000551791803445667,0.0005303503712639213,0.0035008175764232874,0.008712260983884335,0.008975463919341564,Bass_drum
6a96272b.wav,Bass_drum,7.4721797318488825e-06,0.9104710221290588,0.00013747937919106334,0.00013674687943421304,0.08922143280506134,2.1522293991438346e-06,8.572988430266548e-10,2.915494974331523e-07,3.0042506296013016e-06,2.0333071006461978e-05,Bass_drum
9adffd44.wav,Bass_drum,0.009192767553031445,0.9729700088500977,0.0005705791409127414,4.4005020754411817e-05,0.017136666923761368,3.393163979126257e-06,5.180215794098331e-07,1.3294385098561179e-05,8.652131327835377e-06,6.00864332227502e-05,Bass_drum
7d11b3b4.wav,Bass_drum,1.9164421246387064e-05,0.9960798621177673,3.572000059648417e-05,4.74958578706719e-05,0.0037960191257297993,8.766983796704153e-07,3.55639571125721e-08,9.734545756145963e-07,2.116804580509779e-06,1.7698161173029803e-05,Bass_drum
bab98261.wav,Bass_drum,2.9807932151015848e-05,0.9948753118515015,9.779333049664274e-05,8.009960583876818e-05,0.004881466738879681,1.520552245892759e-06,1.0029611985373776e-07,1.2524137673608493e-06,4.038618044432951e-06,2.86847662209766e-05,Bass_drum
c11bacda.wav,Bass_drum,0.010434590280056,0.886661946773529,0.03678138181567192,0.0027860032860189676,0.0490901954472065,0.006708034314215183,0.0007250012131407857,0.0013050688430666924,0.0023645253386348486,0.0031432565301656723,Bass_drum
9a4bfb69.wav,Bass_drum,0.005624839570373297,0.7306555509567261,0.0722847431898117,0.0009749207529239357,0.184650257229805,0.000693296198733151,4.228964462527074e-05,6.084839696995914e-05,0.0038232754450291395,0.0011900041718035936,Bass_drum
18865530.wav,Flute,3.616482354118489e-05,5.417920778683083e-09,5.1632414397317916e-05,9.716772910906002e-05,5.492250352290284e-07,0.9615174531936646,2.725471404119162e-06,4.5723495532001834e-06,0.02924317866563797,0.009046484716236591,Flute
9f6eac9c.wav,Flute,0.0003055337001569569,1.8475333263268112e-06,0.012846535071730614,0.0018461347790434957,0.0004076015902683139,0.9680015444755554,4.926945621264167e-06,0.009357312694191933,0.0001280129508813843,0.0071004158817231655,Flute
07db7f16.wav,Flute,7.70946207921952e-05,0.008204477839171886,0.010290387086570263,0.006871724501252174,0.014390195719897747,0.9550846219062805,0.00044673748197965324,2.2837237338535488e-05,0.0004295036487746984,0.004182457458227873,Flute
dc6676ff.wav,Flute,0.0004972888273186982,2.190542772950721e-06,0.003209271002560854,0.0013405696954578161,4.111952512175776e-05,0.9533506035804749,0.00016605178825557232,0.004781211260706186,2.7743495593313128e-05,0.03658381849527359,Flute
3eaddda8.wav,Flute,0.031406667083501816,4.397163138492033e-05,0.02826939895749092,0.010636981576681137,0.00039096796535886824,0.883704423904419,0.0017508486052975059,0.02750624157488346,2.8280810511205345e-05,0.016262192279100418,Flute
1b93aeba.wav,Flute,0.00040770889609120786,4.523015739721359e-09,0.00023230513033922762,0.00026230845833197236,8.06050991286611e-07,0.9985059499740601,2.3288666852749884e-06,3.610805288190022e-05,2.607523811093415e-06,0.0005500164115801454,Flute
c683f28f.wav,Flute,0.009823698550462723,1.1586056558599012e-08,1.4938413187337574e-05,0.00218007480725646,6.139673769389731e-10,0.9878530502319336,6.247589251495711e-11,3.640508293756284e-05,3.4445329921695134e-10,9.19442973099649e-05,Flute
55d52a69.wav,Flute,0.0002510162303224206,0.0034068061504513025,0.02492053620517254,0.010564969852566719,0.0025744717568159103,0.945365846157074,6.59278521197848e-05,0.01092469971626997,0.00014790894056204706,0.0017778438050299883,Flute
ca8653d2.wav,Flute,0.0047201188281178474,1.3698624570679385e-05,0.0026311345864087343,0.003167270217090845,0.008197935298085213,0.9758015275001526,1.5759565940243192e-05,0.0029359739273786545,5.0480794016039e-06,0.0025115732569247484,Flute
6b27a847.wav,Flute,0.00011296880256850272,3.526442426959875e-08,0.010307205840945244,0.001324679353274405,1.0055756320070941e-05,0.984980046749115,1.0621241926855873e-05,0.0005668677622452378,2.2143597107060486e-06,0.0026852695737034082,Flute
4bcc8a77.wav,Flute,0.014311440289020538,2.9531139489336056e-07,0.0029051373712718487,0.00015113655535969883,0.0014095015358179808,0.9743812680244446,1.0108125024999026e-05,0.0006641776417382061,6.180995842441916e-05,0.006105171050876379,Flute
84f5b84b.wav,Flute,0.0003591866698116064,7.843817684261012e-08,4.5916611270513386e-05,0.0006096161087043583,2.8550670161386904e-10,0.9989097714424133,4.226887451164174e-10,5.655404311255552e-05,5.50096301843439e-10,1.8989861928275786e-05,Flute
5d73ee6f.wav,Flute,0.013201402500271797,0.00696189422160387,0.029441092163324356,0.021737435832619667,0.009728393517434597,0.8122347593307495,0.0008582948939874768,0.06971217691898346,0.005462453234940767,0.030662192031741142,Flute
5d040c3b.wav,Flute,0.0020441412925720215,3.7893645639996976e-05,0.0004350216477178037,0.00016362423775717616,0.00021850552002433687,0.9943767189979553,4.0797283872962e-05,0.00014649414515588433,0.0006661105435341597,0.0018708005081862211,Flute
6a037ddf.wav,Flute,0.0017819564091041684,0.004525802563875914,0.01561299990862608,0.004647423513233662,0.0058862981386482716,0.9232807159423828,0.0005837270291522145,0.022242680191993713,0.0006376591045409441,0.020800674334168434,Flute
35e97db3.wav,Flute,1.6303608463275054e-09,6.913864244944193e-22,1.725485354597822e-08,3.60531572596301e-07,6.493234633786135e-14,0.9999996423721313,2.192538177110768e-14,2.7030026251252193e-15,2.414852551441588e-16,5.551221149424634e-10,Flute
d14f5df1.wav,Flute,0.012288367375731468,0.00013531856529880315,0.007020669989287853,0.0037383909802883863,0.0031700446270406246,0.9353324174880981,1.2267092643014621e-05,0.025861473754048347,9.008173833535693e-07,0.012440308928489685,Flute
9f522cda.wav,Flute,0.013524284586310387,1.9878199086775794e-09,0.0010363940382376313,0.009022585116326809,6.718460645060986e-05,0.9706751108169556,2.1130526874912903e-05,0.0036245889496058226,2.0145191115261696e-07,0.002028588205575943,Flute
fe76c972.wav,Flute,0.013694957830011845,0.00016378141299355775,0.020622342824935913,0.0010924981907010078,0.0013078930787742138,0.9517701864242554,6.207141268532723e-06,0.010320178233087063,2.237227647583495e-08,0.0010219578398391604,Flute
562d93f5.wav,Flute,0.0007828139932826161,0.0010550218867138028,0.01061829924583435,0.01072737853974104,0.0170291680842638,0.938353419303894,0.00028757285326719284,0.012945662252604961,0.006656941492110491,0.001543658203445375,Flute
fa32109e.wav,Flute,0.0004854785220231861,0.00014017058128956705,0.003494765842333436,0.014644653536379337,0.0016729901544749737,0.9468584060668945,0.00013033532013650984,0.0259717907756567,0.00010836926230695099,0.006493023131042719,Flute
b4b2b68d.wav,Flute,0.027527807280421257,0.003267548978328705,0.020105333998799324,0.009785119444131851,0.008547503501176834,0.9044265747070312,3.292949986644089e-05,0.006766881328076124,0.006962521467357874,0.012577733024954796,Flute
af227d6f.wav,Flute,0.008748549968004227,2.1433575966511853e-05,0.012101704254746437,0.03220929205417633,4.10834290960338e-05,0.9161668419837952,4.657829049392603e-05,0.02591530792415142,0.0002460463729221374,0.004503042437136173,Flute
85d6a7d2.wav,Flute,0.012806408107280731,4.97830251333653e-06,0.00629090890288353,0.007215121760964394,4.919261300528888e-06,0.9524392485618591,3.926699037037906e-07,0.020843666046857834,4.116207463766841e-08,0.0003943907213397324,Flute
3707da71.wav,Flute,0.00719471275806427,9.731865429785103e-05,0.010109889321029186,0.024556389078497887,0.0005369136342778802,0.9320151805877686,0.0020748930983245373,0.02006414718925953,0.000359860627213493,0.00299089471809566,Flute
61c914b1.wav,Flute,2.2670161342830397e-05,1.4805235259984784e-08,0.0006036628619767725,0.12623539566993713,3.347238452988677e-05,0.8717409372329712,1.1111875210190192e-05,4.4626383896684274e-05,1.4096585800871253e-06,0.0013067058753222227,Flute
f5e20dce.wav,Flute,0.06225471571087837,0.0007205377914942801,0.09886138886213303,0.015160484239459038,0.0029378074686974287,0.7726919054985046,4.1172734199790284e-05,0.030693840235471725,0.0010567258577793837,0.01558130793273449,Flute
b0d9849d.wav,Flute,0.00860920175909996,0.002091822912916541,0.020212430506944656,0.019552793353796005,0.005934161599725485,0.9107869267463684,0.00012559510651044548,0.022141538560390472,0.0008403780520893633,0.009705262258648872,Flute
6ef82473.wav,Flute,0.030211377888917923,0.00011476578947622329,0.011304999701678753,0.010481533594429493,0.023440346121788025,0.9005466103553772,5.931661871727556e-05,0.021391600370407104,1.9051129129366018e-05,0.0024306238628923893,Flute
8986cced.wav,Flute,4.537049335340271e-06,1.8302955595572712e-07,0.0017117224633693695,0.000291862670565024,9.316806972492486e-05,0.9924017786979675,4.451095810509287e-05,0.005067663267254829,0.00011328973050694913,0.0002713391440920532,Flute
a64a3740.wav,Clarinet,3.075681576092393e-08,8.154537808890971e-12,0.00010476114402990788,0.9525718688964844,3.642158219463454e-07,0.04520415514707565,4.7494804675807245e-06,2.5732804260769626e-06,1.732786358843441e-08,0.002111571142449975,Clarinet
ad7ec8cb.wav,Clarinet,2.485733008317226e-10,6.247514695655694e-15,5.9176635147650813e-08,0.999594509601593,3.6942976455733856e-10,0.0002903231652453542,1.4116855595602829e-07,2.2421758671953285e-08,1.1976178382333558e-10,0.00011498974345158786,Clarinet
8ee44fb5.wav,Clarinet,0.01146999653428793,7.409746427544661e-12,1.0372269798608613e-06,0.9617650508880615,2.612201797091984e-06,0.0010364444460719824,1.576856760721057e-07,0.0027083796449005604,1.938121386046987e-06,0.023014362901449203,Clarinet
7eb959ec.wav,Clarinet,0.007360867224633694,0.0016807671636343002,0.009186669252812862,0.9615340232849121,0.001897948794066906,0.0069698793813586235,0.00041759893065318465,0.010192428715527058,0.000107162821223028,0.0006527377991005778,Clarinet
e51e1770.wav,Clarinet,0.00022677425295114517,3.825699579351749e-08,5.374012471293099e-05,0.9668156504631042,0.0019634875934571028,0.006682434119284153,3.407649273867719e-05,0.009888908825814724,5.344457895262167e-05,0.014281363226473331,Clarinet
3f7e6da8.wav,Clarinet,2.0370031052152626e-05,1.6401427438417215e-10,0.00018165954679716378,0.9951975345611572,8.040563989197835e-05,1.2033277016598731e-05,0.004268039017915726,2.577835402917117e-06,9.870743087958544e-05,0.00013864411448594183,Clarinet
3cbe9902.wav,Clarinet,0.0036906602326780558,0.005665133241564035,0.02364225871860981,0.8835943937301636,0.01946296915411949,0.0437728613615036,0.0003653507446870208,0.0025444047059863806,0.0005623064353130758,0.016699787229299545,Clarinet
9a722e53.wav,Clarinet,0.0009693359024822712,1.152298811923913e-09,0.00012006853648927063,0.9933457374572754,0.002513239160180092,0.0009876810945570469,1.4220954369648098e-07,0.000714816793333739,7.396633350253978e-07,0.001348083489574492,Clarinet
19105b8a.wav,Clarinet,0.00881235208362341,4.2155192204518244e-05,0.008924178779125214,0.9531805515289307,0.008798987604677677,0.003429542062804103,2.972742913698312e-05,0.000851127493660897,0.00015174206055235118,0.015779774636030197,Clarinet
1f81cc2b.wav,Clarinet,0.0002970212954096496,3.440089102468846e-08,0.006573343649506569,0.9392387866973877,0.012256424874067307,0.024589205160737038,1.1055114555347245e-05,0.014077943749725819,5.740223059547134e-05,0.0028993026353418827,Clarinet
44c5094c.wav,Clarinet,6.929329288141162e-07,1.3161068589118141e-11,5.268019958748482e-05,0.9894558787345886,4.7582040529903225e-09,0.010366788133978844,8.903699444395841e-10,8.447281288681552e-05,1.2394531623272087e-08,3.9500930142821744e-05,Clarinet
5506629f.wav,Clarinet,0.00011889929737662897,0.002485560951754451,0.00501210056245327,0.9563981890678406,0.006656229496002197,0.003472845768555999,0.0016593601321801543,0.003543844912201166,0.0013401928590610623,0.019312823191285133,Clarinet
ddf23920.wav,Clarinet,5.241391249910521e-07,4.533335156781592e-16,3.6781006684805106e-08,0.9830667972564697,1.396672333342508e-09,0.016440045088529587,1.855236450576392e-11,4.287663273316866e-07,4.894167550070251e-14,0.0004922394873574376,Clarinet
2e1cd085.wav,Clarinet,4.183381641098549e-09,5.899676460110318e-17,3.5416789501141466e-07,0.897972047328949,1.9208907797718666e-09,0.098666712641716,3.0883970936201877e-08,0.0025239125825464725,1.4989393093856052e-05,0.0008220289018936455,Clarinet
dc981a38.wav,Clarinet,0.00019492674618959427,5.2711691012063966e-08,0.010834312066435814,0.7821728587150574,0.028566893190145493,0.1769372522830963,4.666334461944643e-06,0.0007121798698790371,3.2217942589340964e-06,0.0005736618768423796,Clarinet
a053797b.wav,Clarinet,0.030200250446796417,8.121996131205123e-11,7.28575787434238e-06,0.9640388488769531,1.0620320836096653e-06,8.979358244687319e-05,2.4865534076212725e-09,7.633953646291047e-05,0.0009651160798966885,0.004621326457709074,Clarinet
f2310f0d.wav,Clarinet,0.00561301875859499,0.0032703925389796495,0.006548534147441387,0.8748414516448975,0.011427363380789757,0.018680209293961525,0.000285932794213295,0.002696174895390868,0.0004789764934685081,0.07615833729505539,Clarinet
ce65d6b5.wav,Clarinet,0.013022519648075104,2.9040882054687245e-07,0.0004926499095745385,0.9568811058998108,0.0011584664462134242,0.013123717159032822,8.792907379984172e-08,0.012239014729857445,8.84609908098355e-05,0.002993697999045253,Clarinet
45de3233.wav,Clarinet,0.001128890784457326,0.010224344208836555,0.028627511113882065,0.9200688004493713,0.008804265409708023,0.022049374878406525,0.00031080254120752215,0.0020407671108841896,0.0021286061964929104,0.004616758320480585,Clarinet
8916ffcd.wav,Clarinet,0.0006868478376418352,1.1330183753016643e-12,9.123824185053309e-08,0.9973699450492859,4.146559717810305e-08,0.00010053433652501553,6.570134436501007e-10,0.0018363898852840066,6.477125680248719e-08,5.807915840705391e-06,Clarinet
e43f7db2.wav,Clarinet,9.089969665865283e-08,3.5596148424688057e-12,7.593113423354225e-06,0.9885299801826477,5.6812519966253916e-11,0.007965694181621075,2.567057455493682e-09,0.00016215996583923697,8.448087562840101e-09,0.0033343052491545677,Clarinet
3c66098d.wav,Clarinet,0.0002219407761003822,1.2377850853388227e-14,2.7636730010272004e-05,0.9417725801467896,1.7741799140935655e-08,0.05776030570268631,4.3944509142690436e-10,2.0387001313793007e-06,1.339046373782793e-10,0.0002154558605980128,Clarinet
ad42e493.wav,Clarinet,0.0004890756099484861,8.880209634298808e-07,0.002427376341074705,0.9627149701118469,0.0005865406710654497,0.0046666390262544155,6.878020485601155e-06,7.291059591807425e-05,2.4614346330054104e-06,0.029032256454229355,Clarinet
740e5bb7.wav,Clarinet,0.0009962578769773245,0.009833889082074165,0.04149312525987625,0.8515049815177917,0.037554189562797546,0.037516187876462936,0.0006844953750260174,0.012186911888420582,0.0009252060553990304,0.007304927799850702,Clarinet
800b401e.wav,Clarinet,0.001984366914257407,0.006022156681865454,0.021089790388941765,0.9491596817970276,0.018257897347211838,0.0009544757776893675,4.863250978814904e-06,0.002177017042413354,0.00016708561452105641,0.0001824483333621174,Clarinet
3c713bcf.wav,Clarinet,2.5564434054103913e-06,2.0479224076552782e-06,0.033313341438770294,0.9645437598228455,0.00018708502466324717,5.130128556629643e-06,8.98126700121793e-07,0.0019175605848431587,1.1525366971909534e-05,1.6038588000810705e-05,Clarinet
2fc00271.wav,Clarinet,0.00023548859462607652,2.390430040577485e-07,0.0049186632968485355,0.9918478727340698,0.0012457635020837188,0.0012227699626237154,0.0001238338154507801,0.0001470769930165261,3.237368582631461e-05,0.00022587142302654684,Clarinet
b0c06255.wav,Clarinet,5.111073278385447e-06,1.0039531872507723e-08,0.0003182567597832531,0.9458205699920654,1.545042891848425e-06,0.024790329858660698,3.9243491301022004e-07,0.02882593870162964,5.131279294801061e-07,0.00023725575010757893,Clarinet
71c6451f.wav,Clarinet,3.090715836151503e-06,3.359007863523722e-11,2.51420569838956e-05,0.8005993366241455,2.3560839679248602e-07,0.12410682439804077,7.85471101494295e-08,0.019210636615753174,2.0049382598585908e-08,0.056054577231407166,Clarinet
5de123c3.wav,Clarinet,0.002467196201905608,4.974367424725014e-15,3.188438313372899e-06,0.9680530428886414,4.652767948698511e-09,0.00836134236305952,7.461637352434991e-08,0.00010248469334328547,1.769155311137638e-08,0.021012669429183006,Clarinet
