fname,label,ba,bay,bon,hai,mot,nam,sau,tam,y_pred
4__l149.wav,bon,0.0001362804468953982,0.0853545293211937,0.869816780090332,9.359689283883199e-05,0.036218009889125824,0.006308484356850386,0.002072264440357685,3.723946306877224e-08,bon
4__l73.wav,bon,6.517637757497141e-06,0.13660235702991486,0.6414492726325989,7.253107270344117e-08,0.12493506819009781,3.2388543331762776e-05,0.09697428345680237,1.1287261969528117e-07,bon
4__l51.wav,bon,1.7179812061840494e-07,0.00022860465105623007,0.9986938834190369,2.5839519366854802e-05,0.0008922058623284101,1.9533707984464854e-09,0.00015927644562907517,4.196695074787371e-11,bon
4__l118.wav,bon,0.005496193189173937,0.1157645434141159,0.7495211958885193,0.006126624532043934,0.11814001947641373,0.0015696515329182148,0.0033817910589277744,7.019504533190002e-09,bon
4__l23.wav,bon,4.2309202399337664e-05,9.842658619163558e-05,0.9025614261627197,0.0020173999946564436,0.09014797955751419,2.566508555901237e-06,0.00512860668823123,1.29755596844916e-06,bon
4__4l13.wav,bon,0.0019513146253302693,0.002037616679444909,0.6702424883842468,8.066498594416771e-06,0.2622726261615753,6.11293944530189e-06,0.06348181515932083,5.470824238074101e-09,bon
4__l31.wav,bon,0.09706959128379822,0.00010658196697477251,0.6764463782310486,0.03610958904027939,0.1851210743188858,1.621667479412281e-06,0.00443893251940608,0.0007062380318529904,bon
4__l97.wav,bon,0.0037983201909810305,0.0018129447707906365,0.6039991974830627,0.00021334759367164224,0.2609349191188812,0.03632078319787979,0.09292048960924149,6.357855131255974e-09,bon
4__4l26.wav,bon,0.0004202515119686723,0.00010179029777646065,0.843951404094696,2.108244734699838e-05,0.15445028245449066,6.302656856860267e-06,0.0010489362757652998,3.3203924054703293e-09,bon
4__4l28.wav,bon,0.0002458277449477464,0.0004451741697266698,0.7315788269042969,6.3820848481555e-06,0.22023524343967438,0.00011296693264739588,0.04737500101327896,6.097454843256855e-07,bon
4__l48.wav,bon,0.00572538934648037,8.3701524999924e-05,0.8544567823410034,1.1802392691606656e-05,0.1397007405757904,8.54751851875335e-06,1.2986614819965325e-05,1.4037216722329049e-08,bon
4__l169.wav,bon,0.0009290496236644685,0.0001316457346547395,0.8853188157081604,2.5383053525729338e-06,0.10538476705551147,1.0705105069064302e-06,0.008232076652348042,6.975040633960816e-08,bon
4__l12.wav,bon,3.7325266930565704e-06,0.000368068169336766,0.8061849474906921,4.5447890784089395e-07,0.18797525763511658,0.00030175509164109826,0.005165714304894209,1.4307708351424253e-09,bon
4__l54.wav,bon,2.5549821657477878e-05,1.8599095710669644e-05,0.724745512008667,8.744008482608479e-06,0.2642866373062134,0.00033418816747143865,0.010578785091638565,1.9524031813489273e-06,bon
4__l108.wav,bon,7.7248623711057e-06,0.05173959955573082,0.8741878271102905,4.59194925497286e-05,0.03676621615886688,0.036706071346998215,0.0005450400640256703,1.5821448187125497e-06,bon
4__l99.wav,bon,9.952300388249569e-06,0.002637316007167101,0.9893826246261597,1.4816127986705396e-05,0.004185258876532316,0.002930868649855256,0.000839002663269639,1.1670928756757348e-07,bon
4__4l25.wav,bon,0.00014006429410073906,0.07826892286539078,0.8806050419807434,8.580218855058774e-05,0.033213090151548386,0.005786076653748751,0.0019009666284546256,3.4379798563577424e-08,bon
4__l79.wav,bon,2.9826745958416723e-05,0.0008313287980854511,0.8841893672943115,0.0016906154341995716,0.08988647907972336,0.011699830181896687,0.011661184020340443,1.1379820534784812e-05,bon
4__l42.wav,bon,5.590519549514283e-07,0.000873577781021595,0.8049839735031128,3.373004074092023e-05,0.1911906599998474,0.0028145364485681057,0.00010287548502674326,1.1592301518703607e-07,bon
4__l28.wav,bon,6.169545940792887e-07,0.00012082054308848456,0.9296923875808716,6.26873443252407e-05,0.07012294977903366,2.775478069594328e-09,5.469156576509704e-07,1.1617749429149171e-08,bon
4__l139.wav,bon,4.674912361224415e-06,0.00013737949484493583,0.8879590034484863,2.538329681556206e-06,0.024040915071964264,0.08734503388404846,0.0005103712319396436,3.492030886675934e-09,bon
4__4l31.wav,bon,0.0008443492697551847,0.0002662085753399879,0.8314945101737976,8.179662836482748e-05,0.05080385133624077,0.0014980608830228448,0.11232674866914749,0.0026844970416277647,bon
4__l117.wav,bon,1.2234776477271225e-05,0.09145844727754593,0.7257425785064697,3.736502776519046e-06,0.09595706313848495,0.08587851375341415,0.0005439691012725234,0.00040346308378502727,bon
4__4l30.wav,bon,6.152330752229318e-05,0.0010548887075856328,0.7416467070579529,1.1404686119931284e-05,0.2213926911354065,3.3914582218130818e-06,0.03582948073744774,3.336241727325273e-09,bon
4__l34.wav,bon,4.683872703026282e-06,0.001229574903845787,0.839026689529419,0.005643763113766909,0.14995582401752472,5.2593813961721025e-06,0.0010038439650088549,0.0031303500290960073,bon
4__l145.wav,bon,0.11612024903297424,0.00039881328120827675,0.671370804309845,0.0193188339471817,0.10144262760877609,1.4946505871193949e-05,7.161068060668185e-05,0.0912620946764946,bon
4__l6.wav,bon,2.0028461733545555e-07,3.727058839331221e-08,0.4732464551925659,4.3647227698784263e-07,0.4156382381916046,2.4503801796527114e-06,0.11111214756965637,2.474998339607737e-08,bon
4__l179.wav,bon,4.084813190274872e-05,0.027956664562225342,0.7277833819389343,0.002757966285571456,0.13516975939273834,6.351518095470965e-06,0.1062760204076767,9.049143045558594e-06,bon
4__l40.wav,bon,0.007937856949865818,0.0010655191726982594,0.7555135488510132,0.09100501984357834,0.14286935329437256,0.0007859160541556776,0.0008036394137889147,1.9111890651402064e-05,bon
4__l164.wav,bon,1.0926703097879908e-08,1.0444675353937782e-05,0.663305938243866,3.3289040857198415e-06,0.24677573144435883,0.0002075565862469375,0.0896969735622406,9.757911145769071e-10,bon
4__4l29.wav,bon,0.00018348269804846495,0.09832203388214111,0.659031093120575,0.012716342695057392,0.12074816226959229,0.008933779783546925,0.10006456822156906,5.114256396154815e-07,bon
4__l67.wav,bon,2.8500020562205464e-05,0.035429857671260834,0.7899665236473083,0.004838668275624514,0.04624072462320328,0.12317968159914017,0.000293903227429837,2.2111402358859777e-05,bon
4__4l22.wav,bon,0.005664127878844738,9.76570081547834e-05,0.8506781458854675,4.216068919049576e-05,0.07420971989631653,0.060472965240478516,0.008835137821733952,3.1029838698515277e-09,bon
4__l126.wav,bon,2.884926834667567e-05,0.0009137941524386406,0.7586474418640137,3.9584676414960995e-05,0.14462846517562866,0.0010642631677910686,0.09467610716819763,1.53845610384451e-06,bon
4__l18.wav,bon,0.015066051855683327,1.3071587545709917e-06,0.9811074137687683,2.6657330565171833e-08,0.003813020419329405,3.6154011695543886e-07,1.1780704880948178e-05,3.1813920530095186e-13,bon
4__l94.wav,bon,7.45765573810786e-05,0.09249015152454376,0.7164304256439209,0.0001163775086752139,0.18822234869003296,0.0005567335756495595,0.002109355991706252,2.9393554257239884e-08,bon
4__4l12.wav,bon,0.0006655091419816017,0.0002337531332159415,0.5482308268547058,0.0030041357968002558,0.3106100559234619,0.1369808167219162,0.000273506244411692,1.4124485687716515e-06,bon
4__4l8.wav,bon,0.0006793447537347674,0.07288718968629837,0.8261921405792236,0.0012200209312140942,0.0225931815803051,0.07560251653194427,0.0008181599550880492,7.50780554881203e-06,bon
4__l176.wav,bon,4.783088058957219e-08,3.522808401612565e-05,0.8872112035751343,0.00010455566371092573,0.1126437559723854,1.1144858369505073e-09,5.177727871341631e-06,5.449802276125126e-10,bon
4__4l23.wav,bon,0.05442970618605614,0.0036583703476935625,0.763148844242096,0.0019049289403483272,0.09006977081298828,0.0015457856934517622,0.02255980856716633,0.06268281489610672,bon
4__4l18.wav,bon,2.884926834667567e-05,0.0009137941524386406,0.7586474418640137,3.9584676414960995e-05,0.14462846517562866,0.0010642631677910686,0.09467610716819763,1.53845610384451e-06,bon
4__l153.wav,bon,6.850827105608914e-08,0.00039659839239902794,0.8577246069908142,1.5733554903363256e-08,0.14184391498565674,3.430633296375163e-05,5.380638299357088e-07,6.847754308036968e-11,bon
4__4l15.wav,bon,7.45765573810786e-05,0.09249015152454376,0.7164304256439209,0.0001163775086752139,0.18822234869003296,0.0005567335756495595,0.002109355991706252,2.9393554257239884e-08,bon
5__l25.wav,nam,6.029127325746231e-05,0.14367978274822235,1.5825609807507135e-05,2.4210125957324635e-06,9.859679994406179e-05,0.8560368418693542,0.00010623204434523359,3.638367473968174e-08,nam
5__l_3.wav,nam,1.7594973256152002e-09,4.25070068033051e-09,5.615411780013346e-08,9.877372519895289e-08,1.797587515284249e-06,0.9999788403511047,1.921684633998666e-05,2.4594437597613705e-09,nam
5__l54.wav,nam,3.1289679180979135e-11,4.07684872527625e-08,3.383977986715081e-09,2.6674117137304165e-08,5.377460638555931e-06,0.9999922513961792,1.7251427664177754e-07,2.1316168385965284e-06,nam
5__l_7.wav,nam,5.616184921564127e-07,2.0605728423106484e-05,4.736511982628144e-05,5.281576953564127e-09,9.043714817380533e-05,0.9998399019241333,1.1406253861423465e-06,3.954204519374116e-09,nam
5__l20.wav,nam,0.03165441378951073,4.1004088302543096e-07,0.0014582443982362747,3.562170292070732e-08,0.10639680176973343,0.8604711890220642,4.7419852933217044e-08,1.8844590158551e-05,nam
5__l5.wav,nam,1.5648691231717748e-09,7.610171937066923e-10,2.980325675139284e-08,1.3403095300290602e-09,0.00011763005022658035,0.9998822808265686,6.056458001779674e-09,7.369293369974272e-11,nam
5__l43.wav,nam,5.616184921564127e-07,2.0605728423106484e-05,4.736511982628144e-05,5.281576953564127e-09,9.043714817380533e-05,0.9998399019241333,1.1406253861423465e-06,3.954204519374116e-09,nam
5__l_13.wav,nam,0.00015421162243001163,0.00307526090182364,0.0007902913494035602,0.00022944036754779518,0.0002974316303152591,0.9334248900413513,0.06176641583442688,0.00026208421331830323,nam
5__l63.wav,nam,0.00015421162243001163,0.00307526090182364,0.0007902913494035602,0.00022944036754779518,0.0002974316303152591,0.9334248900413513,0.06176641583442688,0.00026208421331830323,nam
5__l13.wav,nam,2.638088005824102e-07,4.6392624426516704e-06,8.152810187311843e-05,7.551496850055628e-08,0.000350499787600711,0.9995610117912292,5.466749826155137e-07,1.4202651072992012e-06,nam
5__l35.wav,nam,7.367811361014276e-10,1.482826361698386e-10,1.949657990607534e-09,2.523304942769755e-07,8.287475452561921e-07,0.9999971985816956,1.7179357882923796e-06,2.03639577422976e-10,nam
l65.wav,hai,0.04255114123225212,2.7756179861171404e-06,0.0007408246747218072,0.7465035319328308,2.0007023522339296e-06,8.623780800576242e-09,7.768815635245119e-07,0.21019896864891052,hai
n64.wav,hai,0.020392172038555145,3.8857940865000273e-08,2.3983915548031476e-11,0.9792615175247192,3.503238255042618e-10,3.970686626719733e-11,3.0819080620858585e-06,0.0003432208322919905,hai
m6.wav,hai,0.0002869337622541934,8.340980883758675e-08,6.784646178203957e-09,0.999699592590332,1.0998717669963298e-07,5.076404921422473e-11,2.744904122664593e-06,1.0526561709411908e-05,hai
n65.wav,hai,0.10639841854572296,1.8023357029051112e-07,1.2116112280136093e-10,0.8899245262145996,1.6858839879674292e-09,3.3780606350369835e-13,3.14970050041552e-09,0.003676879685372114,hai
n21.wav,hai,0.11019904911518097,0.04093889892101288,0.0007704845629632473,0.694812536239624,0.0010557041969150305,2.0351292278064648e-06,0.051691971719264984,0.10052931308746338,hai
n15.wav,hai,0.166645810008049,3.5943319431908094e-08,8.086719627264927e-10,0.8333485126495361,8.472818535665283e-08,1.5423685549229016e-12,5.429317759264585e-11,5.59191039428697e-06,hai
e43.wav,hai,0.034120719879865646,5.7869367076079925e-09,4.834829151617592e-12,0.9642411470413208,2.906884617459582e-07,1.0982317485974669e-11,2.2261086307651112e-09,0.0016378393629565835,hai
l33.wav,hai,0.07045906037092209,7.73744019966216e-08,4.861983385340274e-11,0.8379349708557129,8.602958345704792e-09,4.428381489632316e-13,3.3309990182806004e-11,0.09160587936639786,hai
n8.wav,hai,0.16619008779525757,2.0127817468296172e-10,1.0691118129679822e-12,0.8338083624839783,3.684936792416318e-15,5.840737608078261e-18,7.94442162337268e-14,1.5311053402911057e-06,hai
l89.wav,hai,0.14819975197315216,3.5915104490413796e-06,3.2464502197626643e-08,0.8401262164115906,0.00013763472088612616,2.848349611728196e-10,2.807882424349373e-07,0.011532445438206196,hai
n35.wav,hai,0.0008058332023210824,3.948821927224344e-07,1.12697413900964e-10,0.897903561592102,6.990932632788827e-08,5.740901642958818e-10,1.2975536201054183e-08,0.1012900322675705,hai
l46.wav,hai,0.015437068417668343,7.232857024064288e-05,5.12840969690842e-09,0.9844431281089783,5.194988536572076e-11,6.624249065945165e-11,7.821657987960862e-08,4.739485666505061e-05,hai
n59.wav,hai,0.0024272275622934103,3.712355237439624e-06,2.2124625047581503e-06,0.9367337822914124,0.0007729892968200147,1.885951839142308e-08,1.1292511771898717e-05,0.06004879251122475,hai
m25.wav,hai,2.3962365958141163e-07,1.4209582122060027e-10,9.218538259136988e-12,0.9999992251396179,3.2495035308388598e-12,8.607900328671311e-16,2.2706331606614505e-11,5.922237278355169e-07,hai
n63.wav,hai,0.00012345501454547048,8.703266757947858e-06,2.295329691018224e-15,0.9890937805175781,5.6967639494587274e-09,3.238749397252612e-14,4.109213525005373e-10,0.010774040594696999,hai
e24.wav,hai,0.021266363561153412,3.3785045161494054e-06,2.2368541741091263e-10,0.8968560099601746,6.47154649868753e-08,1.4200234943473333e-07,5.155673932222271e-08,0.08187396824359894,hai
l77.wav,hai,0.02159772999584675,4.224390067975037e-06,8.98587859410327e-06,0.8019130825996399,0.14285099506378174,1.3304827461979585e-07,4.19231946580112e-06,0.033620744943618774,hai
l60.wav,hai,0.1320277601480484,8.651787356939167e-05,4.2541890366010193e-07,0.7933710813522339,1.3936799803104805e-07,1.432069523729651e-13,0.0003163812216371298,0.07419771701097488,hai
2__l9.wav,hai,0.14392773807048798,0.016440900042653084,0.1497451514005661,0.5732885003089905,0.001671201316639781,0.0005187750793993473,0.002264601644128561,0.11214311420917511,hai
e16.wav,hai,0.03891460597515106,8.328194667228672e-08,4.6296988465144295e-10,0.8972904682159424,0.01835000328719616,4.310069190438526e-09,1.462493202097903e-07,0.04544462636113167,hai
l73.wav,hai,0.2849104702472687,1.7805561583372764e-05,3.516428841976449e-05,0.6167267560958862,0.0002584311587270349,3.520400415624181e-09,6.654594244537293e-07,0.09805069863796234,hai
l91.wav,hai,0.06542118638753891,9.057426723302342e-06,1.3640787699387147e-07,0.7024421691894531,0.09743467718362808,0.00025451177498325706,2.5917766834027134e-05,0.13441237807273865,hai
l24.wav,hai,5.541824975807685e-06,0.035181570798158646,2.0691970999489515e-17,0.9648126363754272,1.7855414369272182e-10,1.52608549678268e-15,2.975137150529328e-11,2.481475007698464e-07,hai
m15.wav,hai,0.11475127935409546,5.374995559748186e-09,3.3971374324703874e-11,0.8760971426963806,0.009058177471160889,1.5415903276139176e-10,1.4364377420861274e-07,9.329644672106951e-05,hai
e17.wav,hai,0.09939969331026077,4.262028596713208e-06,2.8467773518059403e-05,0.8830555081367493,9.21022635935742e-09,3.659585967596968e-10,2.2344973160670634e-07,0.017511874437332153,hai
e12.wav,hai,0.0015102244215086102,2.757357435712038e-07,1.5390654029001638e-10,0.9802356958389282,0.01480318233370781,3.08716052721536e-09,6.754359492333606e-05,0.0033831114415079355,hai
e32.wav,hai,0.03330955654382706,9.389999000575244e-09,2.6166131483762456e-09,0.8592489957809448,0.00011582447768887505,5.9650539716016304e-12,1.4135163872719403e-10,0.10732563585042953,hai
l72.wav,hai,0.0004802091571036726,1.5607054137944942e-06,1.2174662666897262e-10,0.9994205236434937,1.2778478719610575e-07,6.6526484841789024e-12,5.349075626881472e-10,9.76019146037288e-05,hai
g1.wav,hai,0.17979733645915985,2.8909467800986022e-05,1.2244390745763667e-05,0.7702876329421997,9.341246914118528e-05,1.1304888580809802e-08,0.0008706856169737875,0.04890981689095497,hai
e21.wav,hai,0.06143341213464737,1.5896803233772516e-05,3.9321279565740497e-10,0.8734703063964844,9.796621270652395e-06,9.179030868722293e-10,3.813727289525559e-08,0.06507055461406708,hai
n47.wav,hai,0.021655801683664322,3.490028802843881e-06,7.012269520600967e-08,0.937093198299408,2.356381173740374e-06,4.653524232622885e-09,6.129732241788588e-07,0.041244443506002426,hai
n26.wav,hai,0.056539230048656464,0.0025468256790190935,0.00011411793093429878,0.90237957239151,0.0065576848573982716,3.866158504450823e-09,9.050670968235863e-08,0.03186250850558281,hai
2__l18.wav,hai,4.013322904938832e-05,7.812958938302472e-05,0.02461927756667137,0.7144007086753845,0.21958467364311218,1.5889396308921278e-05,0.04124777764081955,1.3437057532428298e-05,hai
n37.wav,hai,0.2201114147901535,7.42109477869235e-05,1.3156948170944816e-06,0.7529141902923584,2.1207681584201055e-06,1.77665924638859e-07,4.0453292058373336e-06,0.026892567053437233,hai
e4.wav,hai,6.113088602432981e-05,3.3684349887153076e-07,1.5843714209040627e-05,0.9119470119476318,4.419976539793424e-05,3.4210640986742646e-09,7.372705823627257e-08,0.08793138712644577,hai
n55.wav,hai,0.04183129221200943,2.923201009252807e-06,3.6404854825144994e-11,0.8917889595031738,1.652391438256018e-05,3.287765892867611e-11,3.294850850488196e-11,0.06636034697294235,hai
n66.wav,hai,0.15533007681369781,0.0001494440366514027,2.3664219028773914e-08,0.721942663192749,3.950802692997968e-06,3.247984992071906e-08,9.340838914795313e-06,0.12256451696157455,hai
n30.wav,hai,0.0078033944591879845,2.0497166630661923e-08,1.7883174052713002e-08,0.9216828346252441,0.00014924675633665174,8.413729801759473e-07,0.002118397504091263,0.0682453066110611,hai
l3.wav,hai,0.1863543838262558,1.9557806808734313e-05,2.9405330947973596e-10,0.7941513657569885,2.662661415797629e-07,4.009780354974346e-11,3.681374982633656e-09,0.019474400207400322,hai
l11.wav,hai,0.006944265216588974,9.410852726432495e-06,3.556526167319829e-12,0.856881320476532,1.16405276529008e-08,2.3409030790177976e-12,1.7617837855254947e-08,0.13616494834423065,hai
e27.wav,hai,0.17719803750514984,4.806394827028271e-06,1.750006894951639e-08,0.7963885068893433,2.2855996576254256e-05,1.002393101856569e-08,2.3450465960195288e-05,0.026362312957644463,hai
n57.wav,hai,0.24288392066955566,2.6683533178584184e-06,3.7059901814018303e-08,0.7154555320739746,5.213328790887317e-08,1.465766813479874e-10,1.0708706099649135e-07,0.04165772348642349,hai
l20.wav,hai,0.21011845767498016,6.235579348867759e-06,1.9611795210039418e-07,0.6446908116340637,2.74150721679689e-07,1.1138165910418163e-11,5.864979335523657e-11,0.14518405497074127,hai
l55.wav,hai,0.0060138702392578125,6.219715409372384e-09,6.991702355962914e-11,0.9720471501350403,2.973938803552123e-11,2.0877079904245421e-13,5.5822516747960904e-11,0.021939078345894814,hai
e14.wav,hai,0.07205580174922943,7.339920102822362e-07,1.0575415543279121e-10,0.8923859596252441,0.001169456634670496,2.2360356524586678e-05,1.0984489762222438e-07,0.03436557948589325,hai
g0.wav,hai,0.018718626350164413,2.6997264285455458e-05,0.014805775135755539,0.8367269039154053,0.12700413167476654,6.937099783499434e-10,0.000749517697840929,0.0019680799450725317,hai
l94.wav,hai,0.048119302839040756,1.2397050340950955e-05,2.8937569140907726e-07,0.590149462223053,0.20482248067855835,5.946188139205333e-06,2.950404814328067e-05,0.1568605899810791,hai
chunk38.wav,mot,1.493615945946658e-05,7.746687515464146e-06,0.017297998070716858,0.00017823315283749253,0.982107937335968,2.930962352820643e-07,0.00039290532004088163,3.35525669747927e-11,mot
d17.wav,mot,1.0201080158367404e-07,1.3926546671427786e-05,6.553315756718803e-07,0.0010595469502732158,0.9987925887107849,8.874320656104828e-08,5.888522355235182e-05,7.422276394208893e-05,mot
d8.wav,mot,2.6125823282541205e-08,1.6477213648613542e-05,0.1354222446680069,1.2942980909258495e-08,0.8639492988586426,0.0006116371368989348,2.49570661026155e-07,1.688216406947607e-11,mot
d18.wav,mot,5.58941870565377e-09,1.5968096533924836e-07,2.0142547629831142e-09,4.513698304009495e-09,0.9999994039535522,8.385991456805186e-09,5.176733566258918e-07,6.127641796749295e-12,mot
d20.wav,mot,2.989996097935155e-11,6.240647508093389e-06,6.702455257467932e-10,1.1661247967253985e-08,0.9999884366989136,4.1856228705228204e-08,5.299015811033314e-06,7.502671579709755e-14,mot
chunk70.wav,mot,9.166418749373406e-06,9.293394396081567e-05,0.001380235655233264,5.016932118451223e-05,0.9890195727348328,9.93135563476244e-06,0.009437895379960537,8.336767720606986e-09,mot
chunk59.wav,mot,3.1163605740403e-07,1.5703091776231304e-05,0.21798834204673767,5.54220846993303e-08,0.6310479044914246,0.06454013288021088,0.08640751242637634,1.315837661053365e-09,mot
d109.wav,mot,2.989996097935155e-11,6.240647508093389e-06,6.702455257467932e-10,1.1661247967253985e-08,0.9999884366989136,4.1856228705228204e-08,5.299015811033314e-06,7.502671579709755e-14,mot
chunk10.wav,mot,0.000913814757950604,0.027001067996025085,0.020452329888939857,3.365433803992346e-05,0.8744556307792664,0.052809666842222214,0.024268049746751785,6.575386214535683e-05,mot
chunk12.wav,mot,0.0030475608073174953,0.03342875465750694,0.09027383476495743,0.00037599875940941274,0.8359613418579102,0.027441823855042458,0.009469808079302311,9.021267146636092e-07,mot
chunk1-old1.wav,mot,0.06213011220097542,0.06139803305268288,0.013185511343181133,0.07306842505931854,0.7758508324623108,1.3834191122441553e-05,0.014346161857247353,7.134855422918918e-06,mot
d19.wav,mot,1.5613652731838457e-11,1.4043733953528204e-09,1.8422546474439194e-12,2.81719560873972e-11,1.0,6.91810442265961e-10,6.185451706386402e-09,7.308423207981821e-14,mot
chunk49.wav,mot,0.00773626146838069,0.002248707925900817,0.033236097544431686,0.015038058161735535,0.833115816116333,1.2439642887329683e-05,0.1010439470410347,0.007568671368062496,mot
chunk17.wav,mot,0.0013832024997100234,0.0415390282869339,0.20701220631599426,0.0005450675380416214,0.6303598880767822,0.07921953499317169,0.03988232463598251,5.871734538231976e-05,mot
chunk16.wav,mot,0.006796977017074823,0.17496031522750854,2.081912043649936e-06,3.729326635948382e-05,0.5120314955711365,0.056052662432193756,0.25011909008026123,6.946302795217743e-16,mot
d106.wav,mot,5.58941870565377e-09,1.5968096533924836e-07,2.0142547629831142e-09,4.513698304009495e-09,0.9999994039535522,8.385991456805186e-09,5.176733566258918e-07,6.127641796749295e-12,mot
d110.wav,mot,1.5827267339611761e-13,9.046830840020448e-09,7.337470214752173e-11,3.3152733336372364e-10,0.9999997615814209,2.76586109571042e-09,2.4164913270396937e-07,1.531842012101559e-16,mot
chunk55.wav,mot,3.5505972846294753e-06,4.829811223316938e-05,0.00712908711284399,1.0937859769910574e-05,0.9901468753814697,0.00013468608085531741,0.0025265011936426163,1.1315886006002529e-08,mot
chunk7.wav,mot,1.6503834558534436e-05,0.00030006145243532956,0.12202399969100952,4.4041286173523986e-09,0.8774653673171997,6.190296517161187e-06,0.00018787285080179572,7.217137304449395e-11,mot
chunk13.wav,mot,0.08684560656547546,0.011509114876389503,0.00981520302593708,5.211270763538778e-05,0.8805672526359558,0.0061758351512253284,0.0050328392535448074,2.0653549199778354e-06,mot
chunk51.wav,mot,1.724782521250745e-07,0.018985381349921227,0.021387360990047455,8.807266567600891e-06,0.7455138564109802,0.11105582863092422,0.1030479222536087,6.962375778130081e-07,mot
chunk54.wav,mot,0.08182115852832794,8.907447579531436e-08,0.010617278516292572,0.0006968221860006452,0.7523747682571411,0.0006257849745452404,0.05636923387646675,0.09749484062194824,mot
chunk5.wav,mot,1.006862657959573e-05,0.0033174087293446064,0.06678157299757004,0.035122353583574295,0.8423544764518738,0.000823909358587116,0.051589515060186386,7.194245199571014e-07,mot
d107.wav,mot,1.5613652731838457e-11,1.4043733953528204e-09,1.8422546474439194e-12,2.81719560873972e-11,1.0,6.91810442265961e-10,6.185451706386402e-09,7.308423207981821e-14,mot
chunk36.wav,mot,0.009944836609065533,0.009401529096066952,0.045809999108314514,0.10805249959230423,0.810890793800354,0.0007781344465911388,0.0054192813113331795,0.009702932089567184,mot
chunk58.wav,mot,0.0007194776553660631,5.218997856104579e-08,1.3499388842319604e-05,6.167548417579383e-05,0.8522856831550598,2.248802388749027e-08,0.1468556523323059,6.393455987563357e-05,mot
d104.wav,mot,1.0201080158367404e-07,1.3926546671427786e-05,6.553315756718803e-07,0.0010595469502732158,0.9987925887107849,8.874320656104828e-08,5.888522355235182e-05,7.422276394208893e-05,mot
chunk30.wav,mot,0.011340360157191753,0.022466003894805908,0.11848271638154984,0.0075987051241099834,0.7544009685516357,0.000301975553156808,0.08540714532136917,2.1416649360617157e-06,mot
chunk14.wav,mot,8.139749115798622e-05,0.05115683004260063,0.18169549107551575,7.01042210948799e-07,0.7548146843910217,0.010549397207796574,0.0017013419419527054,1.1185700543592247e-07,mot
chunk9.wav,mot,7.036339957267046e-05,3.816223033936694e-05,0.0012834657682105899,9.126459303843149e-07,0.928446888923645,0.0016497749602422118,0.06851033866405487,1.7004724384150904e-07,mot
chunk65.wav,mot,0.00013041023339610547,0.001662075286731124,0.016667071729898453,0.00017568630573805422,0.9782125353813171,5.750389846070902e-06,0.00314629846252501,1.0727995203296814e-07,mot
c18.wav,mot,3.057960839214502e-06,9.458083809477102e-07,0.007067990954965353,1.0868373562233913e-10,0.9925862550735474,9.870294803704383e-08,0.0003416739054955542,1.252680181806909e-10,mot
chunk60.wav,mot,0.024253131821751595,0.0008605329203419387,0.07793663442134857,1.2364856956992298e-05,0.7984061241149902,1.856175731518306e-05,0.09851262718439102,8.183949518070222e-08,mot
chunk45.wav,mot,0.003131586592644453,4.6774505335633876e-07,3.8486599805764854e-05,5.739144398830831e-06,0.9968231320381165,3.932659922156745e-07,9.494358010897486e-08,6.739205105077417e-08,mot
chunk25.wav,mot,2.1587768017639064e-08,0.014217590913176537,0.027316082268953323,1.4695471506342983e-08,0.9584275484085083,3.851433939416893e-05,1.1456457116310048e-07,1.730224991058904e-10,mot
chunk57.wav,mot,0.07379786670207977,0.005477024242281914,0.0015970391687005758,2.6229690774925984e-07,0.9120485782623291,0.00012028634955640882,0.006958543322980404,3.94259586755652e-07,mot
chunk46.wav,mot,0.001037734909914434,3.737250517588109e-05,0.007227967958897352,7.54755237721838e-05,0.991362988948822,7.994265729394101e-07,0.00020302319899201393,5.4668791563017294e-05,mot
d1.wav,mot,5.993452214170247e-05,9.304258128395304e-05,0.34929293394088745,0.000806858588475734,0.5572770237922668,0.0111102145165205,4.31855120552882e-08,0.08135993033647537,mot
chunk6.wav,mot,6.54898612992838e-05,0.04509488865733147,0.14747190475463867,0.00033945307950489223,0.7194794416427612,0.01208858098834753,0.07545991986989975,3.8394722423618077e-07,mot
chunk37.wav,mot,0.0006420473218895495,0.006279750261455774,0.08458949625492096,0.1157572790980339,0.6939279437065125,0.00010808772640302777,0.09869401156902313,1.3573038586400799e-06,mot
d58.wav,mot,2.6125823282541205e-08,1.6477213648613542e-05,0.1354222446680069,1.2942980909258495e-08,0.8639492988586426,0.0006116371368989348,2.49570661026155e-07,1.688216406947607e-11,mot
chunk72.wav,mot,0.06367577612400055,0.05050509423017502,0.12726369500160217,0.00033494553645141423,0.7568621635437012,0.000632297364063561,0.0007228073664009571,3.2924247079790803e-06,mot
chunk21.wav,mot,1.7177206927954103e-06,2.8339907203189796e-06,5.452885488921311e-06,8.815566332476266e-12,0.999988317489624,1.7413921415965206e-09,1.631134523449873e-06,1.630720196735009e-14,mot
chunk27.wav,mot,0.00024079349532257766,0.06967158615589142,0.20865121483802795,2.3676980163145345e-06,0.7203509211540222,0.0008839369984343648,0.0001990534656215459,4.6013600041305835e-08,mot
chunk1.wav,mot,6.802368997943509e-13,2.093987418357035e-15,1.3025361113250256e-05,1.21993378940366e-11,0.999986469745636,1.7129815298842183e-17,4.539687381566182e-07,4.8495448108643036e-12,mot
chunk24.wav,mot,0.0006889748619869351,0.09494904428720474,0.1739915907382965,0.020589131861925125,0.6117220520973206,0.040363844484090805,0.03829887881875038,0.019396578893065453,mot
chunk53.wav,mot,6.659221980953589e-05,0.0004273562808521092,0.00014760458725504577,2.8759481462969916e-09,0.9980693459510803,0.00018417368119116873,0.0011047311127185822,2.073289522286359e-07,mot
chunk43.wav,mot,0.0764608159661293,0.06528624147176743,0.1150970533490181,0.004197627305984497,0.6767351627349854,0.0006306492141447961,0.060978613793849945,0.000613862881436944,mot
d108.wav,mot,3.392811032121301e-11,2.617354423473106e-11,4.564021889911195e-14,2.120413870529414e-12,1.0,1.6801152136203257e-10,5.896277910366621e-10,7.113440924556738e-16,mot
chunk63.wav,mot,2.730755841184873e-05,0.001370622543618083,0.16156618297100067,4.3325067053956445e-06,0.8317509889602661,0.0014018956571817398,0.003878573188558221,2.47700882027857e-08,mot
chunk11.wav,mot,1.8225086932943668e-06,0.21978414058685303,0.017692359164357185,0.00010330571240046993,0.7621366381645203,6.743861740687862e-05,0.0002143470337614417,5.858922236257058e-09,mot
d105.wav,mot,7.084723847583518e-07,2.1867141185794026e-05,4.053968325479218e-07,0.00046257107169367373,0.9994715452194214,1.5639042771908862e-07,4.258046828908846e-05,1.9440507514900673e-07,mot
chunk3.wav,mot,7.654206456209067e-06,0.0002603961038403213,0.0023241343442350626,1.6716223399271257e-05,0.8725973963737488,1.8125836504623294e-05,0.12477247416973114,3.1496279007114936e-06,mot
chunk75.wav,mot,2.640931029418425e-09,4.526680470462452e-07,3.527981607476249e-05,6.876739917061059e-06,0.981977105140686,8.784282634621832e-09,0.017980273813009262,2.2615400871450753e-11,mot
chunk71.wav,mot,0.0002631903626024723,0.009838158264756203,0.197011798620224,0.0037634193431586027,0.7842010855674744,0.00014299516624305397,0.004765561316162348,1.375274769088719e-05,mot
6__l162.wav,sau,0.0005917533999308944,0.00026635354151949286,0.0005559435812756419,0.037692345678806305,0.07365278899669647,0.02793974056839943,0.7776163220405579,0.08168473094701767,sau
6__l112.wav,sau,2.997620072164864e-07,8.565828466089442e-06,0.00031271285843104124,4.211979103274643e-06,0.003814355470240116,4.986074486623693e-07,0.9958592653274536,8.353462987997773e-08,sau
6__l_8.wav,sau,5.4392126003222074e-06,9.00825034477748e-06,0.12293954938650131,0.003341495292261243,0.22330716252326965,3.306783824541526e-08,0.6503972411155701,5.166955197033474e-10,sau
6__l136.wav,sau,4.566927738758331e-11,4.195655947114574e-07,0.14246386289596558,7.447114853675885e-07,0.08646651357412338,3.302167499441566e-07,0.7710680961608887,1.8619872310665642e-09,sau
6__l46.wav,sau,6.873300299048424e-05,0.04931546002626419,2.541438334446866e-05,1.455777436376593e-07,0.21905915439128876,0.00010761681915028021,0.7314234972000122,2.0006925283144739e-10,sau
6__l33.wav,sau,1.0951363947242498e-05,0.002577926032245159,0.17575454711914062,2.146483529941179e-05,0.05545719712972641,0.00014455147902481258,0.766007125377655,2.6216526748612523e-05,sau
6__l104.wav,sau,0.08302447199821472,0.0382242314517498,0.04259570688009262,0.0023551166523247957,0.14500078558921814,0.0024360246025025845,0.6358286142349243,0.05053500086069107,sau
6__l38.wav,sau,0.00017596599354874343,0.0007201504777185619,1.7530903278384358e-05,8.8497981778346e-06,0.1241217702627182,4.368533154774923e-06,0.8749513626098633,1.0294985308689775e-08,sau
6__l13.wav,sau,1.2833085747843143e-05,4.633588105207309e-06,3.764965367736295e-05,0.0006489960360340774,0.12542229890823364,1.4689737781736767e-06,0.8738716244697571,5.386096972870291e-07,sau
6__l_22.wav,sau,0.006092643365263939,4.084266493009636e-06,0.00012859932030551136,0.005959299858659506,0.007557587698101997,1.3339784345589578e-05,0.9802302122116089,1.4237720279197674e-05,sau
6__l146.wav,sau,0.0006774631910957396,1.6098183550639078e-05,0.027307458221912384,0.13013900816440582,0.0014847252750769258,3.073672871778399e-08,0.8377863764762878,0.0025888981763273478,sau
6__l30.wav,sau,1.0255336064801668e-06,0.00010681707499315962,0.13623540103435516,7.240457193802285e-07,0.004604713059961796,0.0033246225211769342,0.8557251691818237,1.5261210819517146e-06,sau
6__l172.wav,sau,4.639808537376666e-10,0.00013441314513329417,0.1296376883983612,8.733373846325776e-08,0.0060431635938584805,7.956312515489117e-07,0.8641838431358337,1.2465076748569004e-09,sau
6__l79.wav,sau,9.25508231830463e-07,0.0023760551121085882,0.12971249222755432,2.9654229365405627e-06,0.01928962767124176,0.0006386651657521725,0.8478137254714966,0.0001655362284509465,sau
6__l61.wav,sau,0.0034152078442275524,0.0011309024412184954,0.04143591597676277,6.579456385225058e-05,0.07942499220371246,0.00021370641479734331,0.8743133544921875,5.945179992750127e-08,sau
6__l75.wav,sau,0.00013443545321933925,0.0006949387607164681,0.1505400389432907,0.11079695075750351,0.0022828567307442427,1.667650940362364e-05,0.7354766130447388,5.7543984439689666e-05,sau
6__l_6.wav,sau,2.1704809114453383e-05,7.603886479046196e-05,0.00016355716797988862,0.06025891378521919,0.029459893703460693,4.142801117268391e-06,0.9100157022476196,2.8221680992146503e-08,sau
6__l24.wav,sau,3.7784978701438376e-08,0.14235039055347443,3.596646638470702e-05,8.225344572565518e-06,0.01200402807444334,0.00025623865076340735,0.8453449606895447,2.123906170936607e-07,sau
6__l130.wav,sau,0.00014036090578883886,0.003434165846556425,0.0004963380051776767,1.5641799109289423e-05,0.024554001167416573,5.65337177249603e-06,0.9713538289070129,4.923590979366566e-10,sau
6__l87.wav,sau,1.9033250282518566e-06,2.0280273020034656e-05,0.05471370369195938,9.849443358689314e-07,0.1070803627371788,0.0023041253443807364,0.8358766436576843,2.046325789706316e-06,sau
6__l68.wav,sau,0.0016200874233618379,3.3244814403587952e-06,1.4244518752093427e-05,0.11763869971036911,0.005283452104777098,5.288424276272963e-08,0.8752716779708862,0.0001683869049884379,sau
6__l54.wav,sau,0.018889589235186577,0.030865292996168137,0.07595248520374298,5.121548383613117e-05,0.11338336020708084,0.03617585077881813,0.7246822118759155,7.003675417394106e-09,sau
6__l73.wav,sau,9.09887021407485e-05,0.027816880494356155,0.0919945240020752,0.018054168671369553,0.2754974961280823,0.00012238773342687637,0.5864199995994568,3.618269147409592e-06,sau
6__l_3.wav,sau,0.0001102355818147771,0.0034894421696662903,0.0003821551217697561,9.954535926226526e-06,0.016136104241013527,3.6306889796833275e-06,0.9798626899719238,5.769976723968284e-06,sau
6__l_11.wav,sau,0.018889589235186577,0.030865292996168137,0.07595248520374298,5.121548383613117e-05,0.11338336020708084,0.03617585077881813,0.7246822118759155,7.003675417394106e-09,sau
6__l167.wav,sau,8.626323688076809e-05,0.005898241885006428,0.04387831315398216,0.03663193807005882,0.06064038723707199,0.0003569518739823252,0.8524443507194519,6.353075877996162e-05,sau
6__l187.wav,sau,0.12100543081760406,8.34165548440069e-05,0.0027367074508219957,0.0003067890938837081,0.1251581758260727,2.8812068194383755e-05,0.7505346536636353,0.00014609475329052657,sau
6__l121.wav,sau,0.06392469257116318,0.002059920923784375,0.01536091510206461,0.004225713666528463,0.09951737523078918,1.2620659617823549e-05,0.7914726138114929,0.023426178842782974,sau
6__l98.wav,sau,0.00010258369002258405,0.001252177287824452,0.020781898871064186,8.125374733936042e-05,0.10488196462392807,3.82727057512966e-06,0.8728961944580078,5.880026066051869e-08,sau
6__l_16.wav,sau,0.0607319213449955,0.0029988400638103485,0.0005565331666730344,0.003351981285959482,0.12984223663806915,4.374994750833139e-05,0.7714762687683105,0.03099844604730606,sau
6__l150.wav,sau,0.0008708828827366233,0.00016767022316344082,5.3417537856148556e-05,3.86142573916004e-06,0.002059460384771228,1.0985036880128973e-07,0.9965497851371765,0.00029471228481270373,sau
6__l115.wav,sau,2.1533363536718753e-08,2.240428511868231e-05,0.00047691300278529525,2.391159432590939e-05,0.14203575253486633,5.8273009926779196e-05,0.8573827743530273,6.151612016004962e-14,sau
6__l124.wav,sau,0.1224709004163742,0.011286403052508831,0.006950422190129757,0.0023752152919769287,0.051946159452199936,6.410502351172909e-08,0.8049601316452026,1.0759523320302833e-05,sau
6__l141.wav,sau,4.64771242325579e-11,3.4727049751381855e-06,0.00016929367848206311,6.770144977963355e-07,0.14267271757125854,8.080286306721973e-08,0.8571537733078003,2.5387874094673357e-11,sau
6__l_1.wav,sau,3.9427362935384735e-05,4.640675615519285e-05,2.809130421610462e-07,0.0008424092666245997,0.062010351568460464,6.450440537264512e-08,0.9370608925819397,7.591058448497279e-08,sau
6__l43.wav,sau,0.0010730208596214652,0.00020357887842692435,0.007554543670266867,0.0003331830375827849,0.15025374293327332,4.014555543108145e-06,0.8405779004096985,3.4479814559063016e-08,sau
6__l109.wav,sau,0.010355892591178417,0.00018619076581671834,0.001261172816157341,0.00017250957898795605,0.14048413932323456,6.283573839027667e-08,0.8475387096405029,1.3344285889616003e-06,sau
6__l100.wav,sau,0.10023245215415955,0.008534656837582588,0.005447643343359232,0.0008777973707765341,0.21318112313747406,0.001623904099687934,0.6700955033302307,6.926067271706415e-06,sau
6__l169.wav,sau,0.0038637742400169373,0.00012218073243275285,0.06353943794965744,2.1444231606437825e-05,0.2277585119009018,0.00022084529337007552,0.7035573720932007,0.000916329852771014,sau
6__l11.wav,sau,5.117721002534381e-07,8.200387674150988e-05,0.1760033518075943,0.0005539622507058084,0.04291261360049248,0.01327911950647831,0.7671682238578796,2.2553892620180704e-07,sau
6__l184.wav,sau,1.788954068615567e-05,0.12492264062166214,0.00011623213504208252,2.8238551749382168e-05,0.002345467684790492,5.066246103524463e-06,0.8723366856575012,0.00022784229076933116,sau
6__l70.wav,sau,0.00013022833445575088,0.01112334057688713,0.16316136717796326,0.00018275351612828672,0.12528684735298157,1.479339971410809e-06,0.7001106142997742,3.420112989260815e-06,sau
6__l84.wav,sau,0.0003943540505133569,0.007014999631792307,0.01828761398792267,0.07127177715301514,0.16608843207359314,0.0024491273798048496,0.7344922423362732,1.4369392147273174e-06,sau
6__l64.wav,sau,0.001304314355365932,0.00027224482619203627,0.010017483495175838,0.06172189861536026,0.04066478833556175,4.296863335184753e-05,0.8859549164772034,2.1306976123014465e-05,sau
6__l181.wav,sau,9.668484563007951e-05,0.0008523237775079906,5.124193648953224e-06,0.0008920444524846971,0.004875808022916317,5.2640029025496915e-05,0.9929109811782837,0.00031440140446648,sau
6__l89.wav,sau,3.593781343624869e-07,0.00016013947606552392,0.0032580143306404352,4.126091153011657e-05,8.212325337808579e-05,0.03912985697388649,0.9571968913078308,0.00013133379979990423,sau
6__l139.wav,sau,5.065164145889867e-07,0.0019472172716632485,0.1215747818350792,0.00021993290283717215,0.012281813658773899,1.371621237922227e-05,0.8639583587646484,3.6803685361519456e-06,sau
8__1l221.wav,tam,0.005468301475048065,0.000653513940051198,1.295546159241212e-08,0.23209647834300995,1.1459824236226268e-06,9.232484217136516e-07,0.00013665588630829006,0.7616429924964905,tam
8__1l104.wav,tam,0.09965179860591888,5.965199534330168e-07,3.281404588051373e-06,0.0023987586610019207,1.7547013442253956e-07,0.00015216346946544945,1.3707348145430842e-08,0.897793173789978,tam
8__1l16.wav,tam,0.0007806250941939652,3.4117329050786793e-07,1.5495919825081472e-10,0.33223047852516174,2.048671454701889e-09,8.990318747237325e-05,5.866743757465542e-10,0.6668986678123474,tam
8__1l35.wav,tam,0.1672709584236145,3.986938281741459e-06,3.808001414196127e-10,0.0006143110222183168,1.5589373347779656e-08,2.1551380996243097e-05,6.5467649079664625e-09,0.8320891857147217,tam
8__1l90.wav,tam,0.2804896831512451,1.3433070478185982e-07,1.472070835006889e-05,0.00180707813706249,3.170581308609144e-08,3.177050984959351e-06,6.175743237690767e-06,0.7176790237426758,tam
8__1l40.wav,tam,0.28610941767692566,0.00015196569438558072,1.9701087428103392e-09,0.003088749945163727,1.2926087720188661e-06,3.454939303537685e-07,9.948172373697162e-05,0.7105486989021301,tam
8__1l172.wav,tam,0.05121169239282608,1.1641868802314548e-08,1.9208281631932778e-09,0.32126012444496155,2.757166051026161e-08,1.3320718972309464e-09,7.060021545157724e-08,0.6275281310081482,tam
8__1l167.wav,tam,0.0016322549199685454,8.840921594810425e-08,1.2742812032229267e-06,0.0012544955825433135,7.647465993798619e-10,9.899405514074422e-14,1.319285502177081e-06,0.9971106052398682,tam
8__1l152.wav,tam,0.12696585059165955,2.677685415619635e-07,5.237768263555154e-08,0.19389577209949493,1.1233610308636344e-07,1.7125001861018063e-08,4.249717733273428e-07,0.6791375875473022,tam
8__1l266.wav,tam,0.15039880573749542,0.0304388590157032,0.00017373774608131498,0.028864393010735512,0.05297716334462166,0.0028677587397396564,0.029367035254836082,0.7049122452735901,tam
8__1l145.wav,tam,0.273049533367157,2.0108006992813898e-07,2.6572488209808398e-08,0.2351713925600052,8.467582119919825e-06,0.14221517741680145,4.366932149224567e-09,0.34955522418022156,tam
8__1l271.wav,tam,0.08626867085695267,0.0006317085353657603,5.834331204823684e-06,0.04200694337487221,0.00016842654440551996,5.853748916706536e-06,1.8234620711155003e-06,0.8709107637405396,tam
8__1l197.wav,tam,0.19972828030586243,0.0018241056241095066,0.029309222474694252,0.07432325184345245,0.00030715804314240813,0.00017841503722593188,0.10588905215263367,0.588440477848053,tam
8__1l246.wav,tam,0.13808386027812958,0.0713360533118248,7.262667350005358e-05,0.16601476073265076,0.0063739619217813015,0.0016793182585388422,0.0005051774787716568,0.6159342527389526,tam
8__1l125.wav,tam,0.0001729420037008822,0.0003631303261499852,2.687613243068654e-09,0.0010232041822746396,6.842102447990328e-05,0.0002804933756124228,2.0235092961229384e-05,0.9980716705322266,tam
8__1l143.wav,tam,0.0056419046595692635,3.0098663046373986e-06,1.0666072469689425e-09,0.3588816821575165,3.138228010790556e-10,4.116266882903119e-09,1.1132939334856928e-06,0.635472297668457,tam
8__1l220.wav,tam,0.0012290609301999211,3.3380763397872215e-06,1.1546308353871382e-10,0.37259548902511597,7.404677404565518e-08,1.5510200901402982e-09,7.322942252585563e-08,0.6261719465255737,tam
8__1l69.wav,tam,0.16856670379638672,0.006367263849824667,9.895539249127339e-12,0.05092176795005798,3.497264922103227e-09,7.243903255016448e-10,3.57803919825983e-08,0.7741442322731018,tam
8__1l168.wav,tam,0.09211547672748566,3.1140828014031285e-06,1.977003699638047e-10,0.14300426840782166,2.8787146220565774e-05,2.6380100326406364e-09,1.0184469934060303e-09,0.7648484110832214,tam
8__1l129.wav,tam,0.0335259810090065,3.578280029614689e-06,2.151798753402545e-06,0.3626067340373993,4.361742412584135e-06,6.696830610053439e-07,1.4005536286276765e-07,0.6038563251495361,tam
8__1l252.wav,tam,0.027040190994739532,3.436512372445577e-07,4.584679857977392e-11,0.0012207995168864727,3.856697219362104e-07,1.0893133506328923e-08,3.0883049930707784e-06,0.9717352390289307,tam
8__1l27.wav,tam,0.00031489235698245466,2.0357231178547153e-10,8.376918950170342e-12,0.1998385488986969,1.6209980796213662e-15,1.7823912484837834e-11,4.989281765510611e-10,0.7998465299606323,tam
8__1l261.wav,tam,0.17556433379650116,0.005643864162266254,1.7453313461146536e-08,0.1008739322423935,9.585009138390888e-06,1.4203898899722844e-05,1.3305216270964593e-05,0.7178808450698853,tam
8__1l258.wav,tam,0.002474545268341899,3.2170333064129863e-09,1.4508974577331912e-10,0.12820078432559967,2.0027952629675383e-08,5.989526385974386e-08,3.4828817607746032e-09,0.8693246245384216,tam
8__1l187.wav,tam,0.16754655539989471,0.13256676495075226,2.646385888205316e-10,0.25766631960868835,4.098782424577507e-11,3.83943293824629e-10,1.6463165899982535e-11,0.4422203004360199,tam
8__1l130.wav,tam,1.186760073323967e-05,4.06323380275353e-07,2.703249679224945e-13,0.0002626052882988006,6.429903276483628e-09,9.524124834570102e-06,1.628873425030264e-10,0.9997155070304871,tam
8__1l237.wav,tam,0.07435952872037888,0.0005997632397338748,5.74519217479974e-05,0.1267709881067276,2.052578747679945e-05,2.476066356393858e-07,1.5215855455608107e-05,0.7981762886047363,tam
8__1l206.wav,tam,0.03642141819000244,0.020551767200231552,0.00014696299331262708,0.023311316967010498,0.0001610715698916465,0.14875724911689758,0.00010592433682177216,0.7705442905426025,tam
8__1l84.wav,tam,0.0005547614418901503,1.0143932058781502e-06,5.399079849865984e-09,0.02756359800696373,1.1645282071981455e-08,0.14207126200199127,3.0855574095767224e-08,0.829809308052063,tam
8__1l7.wav,tam,0.0015187162207439542,1.155079871750786e-06,2.3426475603133268e-12,0.046006880700588226,1.0950929208775051e-05,1.0300267583307487e-10,0.02223108522593975,0.9302312731742859,tam
8__1l245.wav,tam,0.0164050105959177,1.1791653209414221e-09,5.61248774235204e-15,0.12543685734272003,5.108348097825066e-13,7.714246463841334e-10,7.259960048498076e-15,0.8581581115722656,tam
8__1l281.wav,tam,0.09928982704877853,1.7335492884740233e-05,4.06919610895784e-07,0.11955344676971436,1.593182048509334e-07,1.4387145711225457e-05,1.1273631344010937e-06,0.7811233401298523,tam
8__1l51.wav,tam,0.013580221682786942,4.235339474689681e-06,6.782224915014012e-08,0.030271733179688454,2.799948333631619e-06,7.710144522832252e-09,3.964697725677979e-08,0.9561408162117004,tam
8__1l77.wav,tam,0.04270440340042114,3.2294738616656105e-07,1.1726421222935102e-10,0.16476790606975555,2.8095021775698115e-07,0.0005661870236508548,7.67385877065152e-10,0.7919608950614929,tam
8__1l267.wav,tam,0.181492418050766,0.00012133736163377762,6.957121172490588e-07,0.0029211717192083597,1.0588825716695283e-05,2.056542143691331e-06,2.5151416593871545e-07,0.815451443195343,tam
8__1l241.wav,tam,0.08732549101114273,3.6783026189368684e-06,1.986112607710311e-08,0.30352458357810974,5.71934890558623e-07,6.47798685804446e-07,1.4380932043422945e-05,0.6091306209564209,tam
8__1l194.wav,tam,0.006852285470813513,2.0821378257096512e-06,3.252958080679491e-08,0.11833846569061279,1.8700095097301528e-05,1.3109866813465487e-05,7.206270424831018e-08,0.874775230884552,tam
8__1l159.wav,tam,0.08144942671060562,5.287566818878986e-05,4.0622982311333544e-08,0.1847393959760666,1.0314188330085017e-05,9.124161870488479e-09,1.9787734345300123e-05,0.7337281107902527,tam
8__1l4.wav,tam,0.07748453319072723,5.228056210171417e-08,3.528562719790074e-10,8.02738795755431e-05,2.0587589460774325e-05,8.78432402373619e-08,3.5303116874274565e-08,0.9224144220352173,tam
8__1l136.wav,tam,0.09864073246717453,3.2493201018723994e-08,7.594887574668974e-05,2.1535250198212452e-05,1.84856165930114e-08,4.674024708939406e-11,1.4828920939180534e-05,0.9012469053268433,tam
8__1l250.wav,tam,0.00013140680675860494,1.486776834980219e-08,2.183940835047784e-15,0.10658037662506104,4.7675663417123815e-09,5.866754564792798e-12,2.14523429402369e-12,0.8932881355285645,tam
8__1l44.wav,tam,0.11053713411092758,2.6303585087816828e-08,6.696959076180065e-08,0.13834278285503387,3.480483456996808e-08,3.9422415332168725e-10,7.142296567508311e-07,0.7511191964149475,tam
8__1l127.wav,tam,6.215604571480071e-06,1.2867950545114581e-06,3.4749571659732994e-16,2.190021035630707e-07,4.201939699508862e-14,2.654444719585314e-10,5.407634409704265e-12,0.999992311000824,tam
8__1l181.wav,tam,0.00909729115664959,6.098162430134835e-06,0.0013737992849200964,8.20440545794554e-05,1.0688949259929359e-05,1.8992125205841148e-06,1.8173041098634712e-06,0.98942631483078,tam
8__1l228.wav,tam,6.009628350511775e-07,0.11362757533788681,1.1419875732988222e-13,1.1586557775444817e-05,2.9191760120284016e-10,2.4995858716181374e-09,4.635626257853964e-11,0.8863602876663208,tam
8__1l52.wav,tam,9.809661605686415e-06,9.896316299773389e-08,1.7238014834997095e-11,0.008368808776140213,0.00014547209138981998,1.8421861813777696e-09,1.1658645604484263e-07,0.9914757013320923,tam
8__1l93.wav,tam,0.003641734831035137,0.0037321336567401886,9.194017214220196e-10,0.12045211344957352,1.6417408543745182e-09,9.110092680231219e-10,1.0577441700299062e-11,0.8721739649772644,tam
8__1l202.wav,tam,0.00016271475760731846,0.0002886589791160077,1.9664959836518392e-05,0.0019537112675607204,0.13296139240264893,0.10537850111722946,0.011206562630832195,0.7480287551879883,tam
8__1l260.wav,tam,0.08867797255516052,4.012420049548382e-06,0.0004719133139587939,0.04840858653187752,8.710655663435318e-08,1.207162592109512e-09,5.7889685933787405e-08,0.86243736743927,tam
8__1l118.wav,tam,0.02456539124250412,8.121891369228251e-06,6.491460169399943e-08,0.016217587515711784,0.004668945446610451,1.7175771063193679e-06,3.0254648208938306e-07,0.9545379281044006,tam
8__1l122.wav,tam,0.0008930506883189082,1.8315095076104626e-05,4.5283318761413227e-10,0.00042884788126684725,1.992917532334104e-06,2.6273006369592622e-05,2.767829576644232e-10,0.998631477355957,tam
8__1l98.wav,tam,0.12561415135860443,5.304490287016961e-07,2.5154231479973532e-05,0.06699974834918976,4.329589131657485e-08,0.0010839189635589719,3.6840095418710916e-08,0.8062764406204224,tam
8__1l86.wav,tam,0.0001339666050625965,4.0931098510554875e-07,3.0680311069453126e-10,0.28558844327926636,1.8543418889294117e-07,1.0923605131551994e-08,2.9637334364451817e-07,0.7142767310142517,tam
8__1l277.wav,tam,0.12396576255559921,0.015052160248160362,4.264757880179104e-09,0.0010666692396625876,3.329233069782056e-11,8.326923352230953e-12,1.15354141169699e-11,0.8599154353141785,tam
8__1l196.wav,tam,0.15962247550487518,0.00046517085866071284,0.0021171513944864273,0.039912063628435135,1.3981873053126037e-05,1.5826866729184985e-05,9.920386219164357e-05,0.797754168510437,tam
8__1l47.wav,tam,0.11860773712396622,6.193223156536476e-10,7.388988620959935e-08,0.08188851922750473,3.664297310024267e-06,7.552366731999882e-09,7.420342812425318e-11,0.7994999885559082,tam
8__1l139.wav,tam,0.4683373272418976,1.6527901891549845e-07,5.4704633184465834e-11,0.013489773496985435,3.22931889562561e-11,9.523503513575449e-11,9.367552955552583e-09,0.5181727409362793,tam
8__1l293.wav,tam,0.0608283132314682,5.260725188804827e-09,4.30158664244118e-08,0.08523067831993103,2.237073317701288e-07,0.005448811687529087,3.4534971860011865e-07,0.8484914898872375,tam
8__1l300.wav,tam,0.0033618812449276447,0.00042609215597622097,6.208811242913725e-08,0.06865876913070679,1.1057273319181604e-08,0.002059232909232378,1.6001700942069874e-07,0.9254937767982483,tam
8__1l207.wav,tam,0.00027985693304799497,5.046503065386787e-05,2.8332313377177343e-05,0.0042064557783305645,7.08283405401744e-05,0.2987862825393677,1.5960460586939007e-05,0.696561872959137,tam
8__1l10.wav,tam,0.07110824435949326,5.196126949158497e-06,2.5505642042844556e-08,0.1970471888780594,9.354243957204744e-08,6.79429268402032e-09,1.807169240919393e-07,0.731839120388031,tam
8__1l287.wav,tam,0.07375006377696991,4.477141374081839e-06,2.3483583133643293e-11,0.2501344680786133,6.980461986216824e-09,6.603769531210446e-09,2.1906110259095612e-09,0.6761109828948975,tam
8__1l263.wav,tam,0.20463773608207703,1.4838834658803535e-06,0.025463158264756203,0.08449742943048477,0.1089000478386879,6.700278110116642e-09,0.00014394953905139118,0.5763562321662903,tam
8__1l140.wav,tam,0.08893013745546341,1.2042039543302963e-07,6.170414873496455e-12,0.25190824270248413,5.148187431913698e-10,1.441169072968762e-09,8.705180576384919e-09,0.6591615676879883,tam
8__1l111.wav,tam,0.172644704580307,8.932342439038621e-07,2.583498970309961e-10,0.11182566732168198,8.845778438626439e-07,1.5112204891920555e-05,8.549372410016076e-07,0.7155119180679321,tam
8__1l289.wav,tam,1.3042175851296633e-05,0.0004114411131013185,3.831748807137103e-11,2.608695467642974e-06,3.9903313986400235e-10,2.4815506094455486e-06,4.3689774020805316e-11,0.9995704293251038,tam
8__1l63.wav,tam,0.08162599056959152,8.740034536458552e-05,3.0227151337491875e-10,0.35399171710014343,3.1659374144510366e-07,3.0345033152912038e-09,7.355048836643618e-08,0.5642945170402527,tam
8__1l191.wav,tam,0.15127798914909363,4.3168081901967525e-05,1.7279917301493697e-06,0.07521653920412064,6.901901360834017e-05,8.200414569614622e-09,1.0446186706758454e-06,0.7733905911445618,tam
8__1l79.wav,tam,3.582017598091625e-05,3.039111406977213e-09,4.2848981741255843e-13,0.004875123500823975,1.2288520895298305e-11,6.586488325410755e-06,1.4482279308072887e-12,0.995082437992096,tam
8__1l282.wav,tam,0.0027391223702579737,4.749000709125539e-06,0.00013633818889502436,0.14406999945640564,4.254753491750307e-07,2.0545514871628257e-06,0.00027016294188797474,0.8527771830558777,tam
8__1l72.wav,tam,0.0003297153452876955,1.0901300811383408e-05,3.8883631557629084e-13,0.004676028620451689,2.1520478454828407e-10,1.3908606888435315e-06,3.3599625859359605e-10,0.9949819445610046,tam
3__l106.wav,ba,0.8499862551689148,1.756351957737934e-05,2.760482630037586e-06,0.018374817445874214,0.0006011934601701796,1.5741091763388226e-09,2.971701178466901e-06,0.13101442158222198,ba
3__l214.wav,ba,0.820894181728363,1.1162027746536296e-08,2.6241839350404916e-06,0.17260098457336426,2.2757328679290367e-06,8.908137357106771e-13,4.751143478642916e-09,0.006499933544546366,ba
3__l442.wav,ba,0.800000011920929,0.1999921053647995,2.5398872338655565e-08,5.879865039304377e-09,3.844816021114639e-08,7.814656783011742e-06,3.677252724543223e-09,3.839671500671313e-14,ba
3__l2.wav,ba,0.725292980670929,1.1404948736526421e-06,0.0007776966085657477,0.11833062022924423,0.034502021968364716,0.00026445885305292904,0.0025805416516959667,0.11825056374073029,ba
3__l343.wav,ba,0.9513418078422546,8.712098065188911e-08,0.04779532924294472,2.5340366391901625e-06,0.0008601343142800033,8.959850639200795e-09,1.4359331146351906e-07,4.911079987124367e-09,ba
3__l130.wav,ba,0.7064820528030396,2.5744782760739326e-05,2.1547249673403712e-07,0.09313347190618515,2.1144485629065457e-07,1.7917631822683688e-09,8.39868619095796e-09,0.2003583461046219,ba
3__l132.wav,ba,0.8936826586723328,3.7789388898090692e-06,2.2281754752384586e-07,0.10620935261249542,1.4040840596862836e-06,2.117555089609091e-11,5.916956524743e-06,9.670771396486089e-05,ba
3__l41.wav,ba,0.9985973834991455,6.034669208787591e-09,1.2767489288023626e-08,2.009088348131627e-05,2.1517335824228212e-07,2.203690788876722e-13,4.782392011293268e-07,0.0013818317092955112,ba
3__l147.wav,ba,0.9949417114257812,8.461354283895162e-09,2.283550593062955e-08,0.004481256939470768,2.5485646579226362e-11,1.6333614148711373e-14,2.420180722495502e-09,0.0005770115531049669,ba
3__l203.wav,ba,0.7352483868598938,0.0008612715755589306,2.440712705720216e-05,0.1302124261856079,0.0005562369478866458,4.043266610409546e-09,1.9614083157648565e-06,0.13309529423713684,ba
3__l572.wav,ba,0.841567873954773,0.0014929327880963683,0.0005073467036709189,0.008497859351336956,0.1364913433790207,3.665017356979661e-05,0.01005996111780405,0.0013460858026519418,ba
3__l113.wav,ba,0.9219262599945068,0.000766548328101635,6.128977361186116e-07,0.07598261535167694,0.0007125130505301058,1.8769162224430147e-08,1.2742640365104307e-06,0.0006101282779127359,ba
3__l122.wav,ba,0.951503336429596,1.4425467931289404e-08,3.971390577506284e-11,0.04293406382203102,2.739759308312273e-09,2.4047630553525323e-09,2.2066882365834317e-07,0.005562347359955311,ba
3__l96.wav,ba,0.8417070508003235,5.54917221506912e-07,2.344030463063973e-07,0.003031033556908369,8.254149719277848e-08,1.2810004793029073e-11,3.3657410192233783e-09,0.15526112914085388,ba
3__l223.wav,ba,0.8805286884307861,7.635238716829917e-07,1.3713652435853874e-07,0.04430050402879715,5.3421354095917195e-06,5.013840453926832e-09,9.98735316670718e-09,0.07516452670097351,ba
3__l210.wav,ba,0.7834519147872925,0.0002530022175051272,2.851816316251643e-05,0.019772198051214218,0.03974234685301781,4.737601557280868e-05,1.608400998520665e-05,0.1566886156797409,ba
3__l52.wav,ba,0.7616850137710571,0.0007942881202325225,3.698883199731995e-09,0.03342530503869057,1.1140071364934556e-05,1.4474956788745885e-09,1.7657303033047356e-06,0.20408251881599426,ba
3__l161.wav,ba,0.8553924560546875,8.921211360757297e-07,0.002210437087342143,0.00029660231666639447,0.14200089871883392,1.225926524739407e-07,9.533066622680053e-05,3.2307689252775162e-06,ba
3__l187.wav,ba,0.8992480039596558,0.04591909050941467,0.015732621774077415,0.030500441789627075,0.0014308420941233635,2.6557845558272675e-06,0.004076372366398573,0.0030899737030267715,ba
3__l246.wav,ba,0.8203010559082031,6.430351277231239e-06,4.901628926745616e-05,0.1710338592529297,0.00014360946079250425,6.654786830040393e-06,6.365426230559024e-08,0.008459224365651608,ba
3__l148.wav,ba,0.9985973834991455,1.0940112815660541e-07,8.000422013765274e-08,0.000177291440195404,5.398050006988342e-07,1.1651394515865832e-06,2.570733181883611e-09,0.001223439583554864,ba
3__l239.wav,ba,0.8737006783485413,3.5449218671601557e-07,4.0656340161149274e-07,0.12400712072849274,4.264885501470417e-05,8.697176667737949e-08,0.0005353796877898276,0.0017133373767137527,ba
3__l180.wav,ba,0.9825493693351746,2.7894399678984882e-08,5.532019720783099e-12,0.016286486759781837,8.711771442904137e-06,1.8317597438866073e-11,3.535018677780499e-08,0.0011553688673302531,ba
3__l314.wav,ba,0.8000110387802124,0.001463655149564147,0.0004073468444403261,8.186822810785088e-07,0.0007382144103758037,8.464230631943792e-05,0.19728964567184448,4.580331278702943e-06,ba
3__l8.wav,ba,0.8151098489761353,3.6356311738927616e-06,2.3270851556844718e-07,0.04923528805375099,4.2856729720597286e-08,1.2659320258734397e-09,2.7506919195730006e-06,0.1356482207775116,ba
3__l202.wav,ba,0.7847461700439453,0.00012456557305995375,4.819972218683688e-06,0.2103285789489746,0.0002950092311948538,9.221376551238336e-09,5.0735518016153947e-05,0.004450069274753332,ba
3__l19.wav,ba,0.6499066352844238,5.8426575577641415e-08,2.0459868521616187e-10,0.3469352424144745,5.196692853814966e-09,3.5303593381996734e-11,1.0956979074050466e-10,0.0031581015791743994,ba
3__l65.wav,ba,0.6512503623962402,0.058813486248254776,0.05192330479621887,0.0650562196969986,0.015555327758193016,0.00012036853877361864,1.398533981955552e-06,0.1572796106338501,ba
3__l16.wav,ba,0.69133061170578,5.74735668124049e-06,6.974052446651058e-10,0.24191872775554657,7.654415767888167e-09,2.507568111487224e-11,1.1738334748656598e-08,0.06674493104219437,ba
3__l259.wav,ba,0.9206805229187012,8.804592539490841e-07,2.828575818014656e-09,0.07904394716024399,4.2813714379308365e-11,3.1470546654754905e-12,7.393482093220882e-08,0.00027456594398245215,ba
3__l54.wav,ba,0.9894353747367859,2.1293483598583407e-07,8.197448275737429e-10,0.00971968937665224,2.958681910580907e-10,1.2043723223581493e-12,5.523968837906068e-08,0.0008447069558314979,ba
3__l284.wav,ba,0.9998013377189636,1.2362792745079787e-07,9.334839567998188e-10,3.3588009955565212e-06,2.9054885430923605e-07,1.8207141523618464e-12,1.710624003559147e-11,0.00019492150750011206,ba
3__l568.wav,ba,0.898891806602478,0.0009879376739263535,0.00011585296306293458,0.0006007961346767843,0.04460953176021576,0.00024815407232381403,0.054240286350250244,0.0003056390560232103,ba
3__l624.wav,ba,0.9722845554351807,0.00011250970419496298,0.0009100387105718255,0.0014657489955425262,0.02184162102639675,1.5447583791683428e-05,0.0003395916719455272,0.003030516440048814,ba
3__l229.wav,ba,0.8225600719451904,1.3804959053231869e-05,2.2444828114143167e-12,0.013617685064673424,4.310286954023468e-07,4.291985603727122e-12,1.0848612286284975e-10,0.1638079434633255,ba
3__3l7.wav,ba,0.7537593841552734,0.0006774085923098028,0.08404173702001572,0.004102406557649374,0.041078995913267136,0.04757504537701607,0.06876495480537415,5.297815874882872e-08,ba
3__l220.wav,ba,0.9677642583847046,1.422327500222309e-07,6.050167939974926e-07,0.03136783838272095,1.1655205867100449e-07,7.255540352552048e-12,1.6271183511662457e-08,0.0008670687093399465,ba
3__l34.wav,ba,0.9999599456787109,1.5757365412483182e-09,5.6438121731616775e-08,3.8670968933729455e-05,5.0807237528260885e-08,1.5032456616298484e-12,7.231996945744612e-11,1.3260905689094216e-06,ba
3__l233.wav,ba,0.8661876320838928,1.2874821777586476e-06,4.4009432209612953e-10,0.060428742319345474,8.522192160853592e-07,1.3748727850648734e-11,4.399346664740733e-09,0.07338140904903412,ba
3__l249.wav,ba,0.9177799224853516,2.544282722283242e-07,1.420104945282219e-05,0.01594364270567894,5.869620508747175e-05,7.167262616736281e-11,4.0179828353359426e-09,0.06620325893163681,ba
3__l138.wav,ba,0.6757960319519043,9.964254422811791e-05,0.0007993586477823555,0.04795236513018608,0.003706816118210554,0.006124779582023621,0.0030951446387916803,0.2624257802963257,ba
3__l26.wav,ba,0.8756922483444214,3.946423134948418e-07,1.900701995793952e-08,0.12267203629016876,3.894163214113178e-09,2.4315116320394736e-07,8.671439122309721e-10,0.001635014428757131,ba
3__l243.wav,ba,0.8395071625709534,1.4695229992867098e-06,8.777535989712426e-12,0.00931945163756609,6.31468211054198e-08,2.3794635706231304e-10,1.108600711230423e-11,0.15117181837558746,ba
3__l66.wav,ba,0.8570976257324219,4.926030214846833e-07,1.341825817124942e-10,0.00031588919227942824,1.8751167374375655e-07,5.953816883952356e-10,3.3974378865764265e-11,0.14258579909801483,ba
3__l195.wav,ba,0.98388671875,0.004898276180028915,6.266613468142168e-07,0.010867907665669918,3.21343840425925e-08,1.8664929324341273e-10,6.991069767536828e-07,0.0003457420680206269,ba
3__l139.wav,ba,0.8530402779579163,0.000682322250213474,4.464622094246806e-08,0.005391617771238089,1.7189237269121804e-06,6.597766333271693e-09,4.411246209201636e-06,0.1408795565366745,ba
3__l169.wav,ba,0.7153468132019043,0.01431264728307724,1.8178361642640084e-06,0.26976117491722107,3.787703690250055e-06,2.3468898291412188e-07,5.705461444449611e-05,0.0005164467729628086,ba
3__l683.wav,ba,0.9973423480987549,1.9677215732372133e-06,0.0003160987398587167,3.862344965455122e-05,0.0010759658180177212,1.458999747683265e-07,0.001212182454764843,1.2676192454819102e-05,ba
3__l53.wav,ba,0.2998875677585602,3.7515073927352205e-05,2.1452760401441395e-10,0.41702207922935486,4.932363708576304e-07,7.792051726074334e-12,5.086695509248784e-08,0.2830522954463959,hai
3__l14.wav,ba,0.9984498620033264,6.705822386265936e-08,1.334962860255473e-07,0.0014609198551625013,3.0471289846900618e-06,4.527529906539485e-09,1.3254242503535352e-06,8.460904064122587e-05,ba
3__l76.wav,ba,0.6492367386817932,0.00020941007824148983,6.405710406554022e-10,0.22696581482887268,5.282070560497232e-06,1.2451979280580366e-13,6.937654006833327e-07,0.12358210980892181,ba
3__l92.wav,ba,0.641058623790741,1.3127541933499742e-05,0.0011961056152358651,0.16735334694385529,0.15750032663345337,1.1705171554243776e-10,0.0004086818953510374,0.032469745725393295,ba
3__l598.wav,ba,0.7778751850128174,0.22019845247268677,2.0062154362676665e-05,0.0006739563541486859,0.00044729761430062354,1.786720531526953e-05,0.0006307357107289135,0.00013644863793160766,ba
3__l252.wav,ba,0.8582730889320374,1.1288977475487627e-05,1.5347719681813032e-06,0.13030222058296204,2.001844904953032e-06,1.474823196900843e-08,8.377053859476291e-07,0.011408991180360317,ba
3__l105.wav,ba,0.9999666213989258,1.0192592014846014e-07,3.008722090913629e-11,1.4125967027212027e-06,2.726506238559523e-07,7.062190052588638e-14,4.707716994012401e-10,3.158974141115323e-05,ba
3__l33.wav,ba,0.9998227953910828,2.2499339991099987e-07,3.400337664061226e-05,0.00014207551430445164,1.649708702977648e-09,3.074596932606255e-08,7.528446133164834e-08,7.478719226128305e-07,ba
3__l70.wav,ba,0.629328727722168,2.243150447611697e-06,5.369051336856501e-08,0.14357326924800873,1.9799872461589985e-06,7.002407542699984e-10,1.5635491479315533e-07,0.22709357738494873,ba
3__l61.wav,ba,0.7208513021469116,3.857882688862446e-07,2.2949279629425057e-11,0.14414295554161072,1.1995001614195644e-06,2.727914075862205e-15,1.9743416970752214e-11,0.1350041776895523,ba
3__l511.wav,ba,0.9925050735473633,4.703805345229739e-08,2.0203389794914983e-05,0.005562297534197569,0.0010985739063471556,9.455461302820822e-09,7.857359378249384e-06,0.0008059232495725155,ba
3__l245.wav,ba,0.6825012564659119,0.05546831712126732,0.0026414459571242332,0.0037932326085865498,0.0006523379706777632,0.00012327433796599507,0.04337736964225769,0.211442768573761,ba
3__l151.wav,ba,0.940113365650177,0.009288384579122066,1.4920222213277157e-07,0.013624235987663269,1.9463095668470487e-07,2.767684414983762e-10,2.1566384020843543e-05,0.03695210441946983,ba
3__l123.wav,ba,0.9564380049705505,2.8110540029047115e-07,7.432163329212926e-09,0.0014951088232919574,9.08747139760635e-08,4.4437899676197726e-14,5.083694576413222e-10,0.04206651821732521,ba
3__l23.wav,ba,0.8576483726501465,2.8039839889970608e-05,5.473941744327249e-09,0.001260027987882495,7.156418632803252e-06,3.2184075280383695e-06,6.615444636537404e-09,0.14105314016342163,ba
3__l158.wav,ba,0.9528389573097229,3.6044687590219837e-07,0.007653737906366587,0.036626022309064865,3.141810520901345e-05,6.847611984994728e-06,4.42522093635489e-07,0.0028422288596630096,ba
3__l150.wav,ba,0.9891459941864014,0.00014657706196885556,5.866427272849251e-07,0.0013010961702093482,8.777757466305047e-05,3.043365722987801e-06,1.9946935481129913e-06,0.009312900714576244,ba
3__l481.wav,ba,0.8000000715255737,1.9366874767001718e-05,4.721448931377381e-06,5.452822193774409e-09,0.19991599023342133,5.971383143332787e-05,1.1613350636707764e-07,4.64093769924484e-13,ba
3__l112.wav,ba,0.619442343711853,0.0002499076654203236,7.873769391153473e-06,0.24896740913391113,0.0016372031532227993,3.003846586580039e-06,1.6079027318482986e-06,0.12969066202640533,ba
3__l386.wav,ba,0.8000030517578125,7.264667756246013e-10,9.909423397402861e-07,8.81889783421741e-10,0.19997239112854004,2.3500071620219387e-05,5.015924342544054e-10,9.735067196814384e-10,ba
7__l334.wav,bay,1.617152207700201e-07,0.7509111762046814,0.2366446703672409,6.135112016636413e-06,0.0123517457395792,7.578032091259956e-05,1.0304622264811769e-05,6.066565028106652e-09,bay
7__l235.wav,bay,0.00016681021952535957,0.7221171259880066,0.07130932062864304,0.07994749397039413,0.12569287419319153,8.412686838710215e-06,0.0007411297992803156,1.6801326637505554e-05,bay
7__l71.wav,bay,6.051540140106226e-07,0.7646721005439758,7.542522507719696e-05,2.7746091291191988e-06,0.23421409726142883,0.0007643008721061051,0.00026863612583838403,2.02294336304476e-06,bay
7__l96.wav,bay,1.003825218504062e-06,0.8922891020774841,0.011025767773389816,0.00015519656881224364,0.09116849303245544,0.004139287397265434,0.0012205204693600535,6.04674823989626e-07,bay
7__l103.wav,bay,7.130430690338585e-10,0.8886651992797852,0.0639275535941124,5.104642468722886e-07,0.0018536961870267987,0.0001680656714597717,0.045384980738162994,2.51756269165071e-08,bay
7__l272.wav,bay,0.0019468797836452723,0.715116560459137,0.14006242156028748,4.457857194495318e-09,0.08111725747585297,0.0318143405020237,0.02994242124259472,9.185436766756538e-08,bay
7__l269.wav,bay,0.029190922155976295,0.8712860345840454,9.911473171086982e-07,0.07334569841623306,0.025595063343644142,4.985321993444813e-06,0.0005650212406180799,1.1232988981646486e-05,bay
7__l130.wav,bay,0.00030578390578739345,0.8747291564941406,0.026065995916724205,8.087731839623302e-05,0.09879151731729507,3.2478656208922985e-08,1.4979678780946415e-05,1.1615108633122873e-05,bay
7__l7_10.wav,bay,0.06370684504508972,0.8033632636070251,0.003590075531974435,0.008982992731034756,0.11685831844806671,0.0014659130247309804,0.0011898255906999111,0.000842742680106312,bay
7__l1.wav,bay,0.20577192306518555,0.5892882943153381,0.004668727051466703,0.0998234897851944,0.03697365149855614,0.05950527638196945,0.0007456166786141694,0.003222996834665537,bay
7__l83.wav,bay,0.09091880172491074,0.6463174223899841,0.007734642829746008,4.643223655875772e-05,0.16212767362594604,1.8768338122754358e-05,0.09283629059791565,2.615101246661311e-09,bay
7__l180.wav,bay,6.824694764873129e-08,0.8570522665977478,0.010139943100512028,6.862934469609172e-07,0.08975283056497574,0.043053656816482544,5.008453740629193e-07,5.458282090198274e-11,bay
7__l_11.wav,bay,0.0004126135027036071,0.841215193271637,0.011745336465537548,6.00542152824346e-05,0.10705751180648804,0.0018072250531986356,0.03770186007022858,1.2982170005670923e-07,bay
7__l7_3.wav,bay,0.003580161603167653,0.7342607975006104,0.12495185434818268,0.041497595608234406,0.06712573021650314,4.5671622501686215e-05,2.598718310764525e-05,0.028512204065918922,bay
7__l84.wav,bay,3.21395759783627e-06,0.9576826691627502,1.2460520792956231e-06,1.0027497410192154e-06,0.0006817832472734153,0.04162916913628578,8.946823299993412e-07,1.1822641754477559e-09,bay
7__l120.wav,bay,1.1998357862808007e-08,0.7918577194213867,0.07931626588106155,3.833082246273989e-06,0.005821956787258387,0.12299445271492004,5.754742232966237e-06,2.1213535372766046e-09,bay
7__l7_15.wav,bay,8.742088539293036e-05,0.7064265012741089,0.08990707248449326,0.0485009029507637,0.02126889117062092,0.028653452172875404,0.09482155740261078,0.01033427007496357,bay
7__l100.wav,bay,0.00018110792734660208,0.5003844499588013,0.09973334521055222,0.00043421980808489025,0.24242304265499115,0.130690798163414,0.02613832987844944,1.4634830222348683e-05,bay
7__l7_11.wav,bay,0.0004126135027036071,0.841215193271637,0.011745336465537548,6.00542152824346e-05,0.10705751180648804,0.0018072250531986356,0.03770186007022858,1.2982170005670923e-07,bay
7__l258.wav,bay,1.5263245586538687e-05,0.9992016553878784,0.0005001797107979655,5.503787542693317e-05,1.4845029909338336e-05,9.350183631795517e-07,3.273362017353065e-05,0.00017939697136171162,bay
7__l106.wav,bay,0.00048326741671189666,0.8082978129386902,0.0009824506705626845,0.006996120326220989,0.18321511149406433,6.006537205394125e-07,1.8961374735226855e-05,5.7078368627117015e-06,bay
7__l102.wav,bay,6.087732981541194e-05,0.8678573966026306,0.03740358725190163,0.00137486367020756,0.06601735949516296,0.0014287431258708239,0.02585669606924057,3.941910620142153e-07,bay
7__l227.wav,bay,0.002188117476180196,0.6225079298019409,0.18678541481494904,0.002017877297475934,0.11171865463256836,1.9826231437036768e-05,0.07476170361042023,4.314877912747761e-07,bay
7__l_10.wav,bay,0.06370684504508972,0.8033632636070251,0.003590075531974435,0.008982992731034756,0.11685831844806671,0.0014659130247309804,0.0011898255906999111,0.000842742680106312,bay
7__l6.wav,bay,0.029285961762070656,0.7947589755058289,2.5078377802856266e-05,0.002463968936353922,0.030481906607747078,0.14247412979602814,0.0005041859112679958,5.809827598568518e-06,bay
7__l250.wav,bay,0.00033591320971027017,0.6342744827270508,0.032500602304935455,0.0014243822079151869,0.2136872112751007,0.01767931878566742,0.08551966398954391,0.014578429982066154,bay
7__l170.wav,bay,7.2789553087204695e-06,0.8338600993156433,0.09380046278238297,0.00013375967682804912,0.0718543604016304,0.0001580763200763613,0.00018307888240087777,2.8612923870241502e-06,bay
7__l245.wav,bay,2.2796813325953735e-09,0.9999933838844299,8.846884043123282e-07,1.1279233547156764e-07,5.4614097280136775e-06,2.547941857500291e-10,1.0635536540348767e-07,4.918164942142866e-13,bay
7__l62.wav,bay,0.00015219433407764882,0.8332759737968445,0.1660306751728058,3.155477679683827e-05,0.000504396331962198,1.535004834352094e-08,5.115437033964554e-06,9.029349001821174e-08,bay
7__l347.wav,bay,5.889261501579313e-06,0.8596652150154114,0.04449872300028801,5.422475055638643e-07,0.040276892483234406,0.041319429874420166,0.014233325608074665,3.025651118537809e-10,bay
7__l153.wav,bay,0.1244756355881691,0.7690810561180115,2.6923818950308487e-05,3.1219453830999555e-06,0.06853977590799332,0.03591471537947655,0.0019585439004004,2.3473123178519018e-07,bay
7__l140.wav,bay,1.086004203898483e-06,0.8758713603019714,0.11699330806732178,3.6644294709731184e-07,0.006746822036802769,1.044322246457341e-07,0.00038692919770255685,8.305667785479809e-12,bay
7__l278.wav,bay,0.008449298329651356,0.784050464630127,0.053870778530836105,4.4452812630879635e-07,0.15322692692279816,4.513874500844395e-06,0.0003974149003624916,1.5463224656286911e-07,bay
7__l7_1.wav,bay,0.0003429245261941105,0.6862632036209106,0.033407505601644516,0.0015716776251792908,0.2277727574110031,0.03235098719596863,0.018284285441040993,6.620824024139438e-06,bay
7__l38.wav,bay,1.5090336091816425e-05,0.796044647693634,0.07729007303714752,1.318499812441587e-06,0.12644700706005096,6.7454870986694004e-06,0.00019503098155837506,7.77237108007256e-10,bay
7__l17.wav,bay,0.01605457440018654,0.5846059918403625,0.030650893226265907,0.08296079188585281,0.18555349111557007,0.00019819709996227175,0.09994775056838989,2.825756928359624e-05,bay
7__l10.wav,bay,0.00028249979368411005,0.8391711115837097,0.1588078886270523,8.704921583557734e-07,0.0015378878451883793,5.683981726178899e-06,0.00019405448983889073,2.7565462065726187e-11,bay
7__l_15.wav,bay,8.742088539293036e-05,0.7064265012741089,0.08990707248449326,0.0485009029507637,0.02126889117062092,0.028653452172875404,0.09482155740261078,0.01033427007496357,bay
7__l161.wav,bay,0.09270380437374115,0.8571470379829407,8.936056161701345e-08,0.016789736226201057,0.0009464757749810815,2.7774038277583735e-11,1.3916983121475823e-08,0.032412875443696976,bay
7__l94.wav,bay,3.7127756513655186e-06,0.9207482933998108,0.0014464614214375615,5.036122274759691e-06,0.0004938095225952566,0.0693950206041336,0.00790767464786768,1.5390601015852212e-09,bay
7__l112.wav,bay,0.05873921141028404,0.890625536441803,0.0021894965320825577,3.773199978240882e-06,0.04843323677778244,2.4019868760660756e-07,8.477973096887581e-06,5.809629755049173e-08,bay
7__l132.wav,bay,1.6762320228735916e-05,0.5634787678718567,0.04308443143963814,0.0008427745779044926,0.3714127540588379,7.286576146725565e-05,0.021091612055897713,1.0473942602118314e-08,bay
7__l195.wav,bay,9.090753927409878e-09,0.9998207688331604,2.2398778583010426e-06,9.553760719427373e-06,0.00012071477249264717,1.4104197987307998e-07,4.656226155930199e-05,3.885620073444543e-15,bay
7__l_22.wav,bay,0.10765605419874191,0.631502091884613,0.24311023950576782,0.0020449659787118435,0.011738220229744911,0.0010096015175804496,0.002932195086032152,6.6517636696517e-06,bay
7__l117.wav,bay,9.95602022157982e-07,0.767099142074585,0.0019224050920456648,5.283866994432174e-05,0.06831452250480652,0.08809555321931839,0.07451418787240982,3.7495954074984184e-07,bay
